mc,L,F,q,s_max_den,n_density,iteration
0,30,2,1,0.005555555555555556,0.435632183908046,1
0,30,2,1,0.005555555555555556,0.43505747126436783,2
0,30,2,1,0.005555555555555556,0.43505747126436783,3
0,30,2,1,0.005555555555555556,0.43505747126436783,4
0,30,2,1,0.005555555555555556,0.43505747126436783,5
0,30,2,1,0.005555555555555556,0.43505747126436783,6
0,30,2,1,0.005555555555555556,0.4339080459770115,8
0,30,2,1,0.005555555555555556,0.4339080459770115,10
0,30,2,1,0.005555555555555556,0.4339080459770115,12
0,30,2,1,0.005555555555555556,0.4339080459770115,15
0,30,2,1,0.005555555555555556,0.43448275862068964,18
0,30,2,1,0.005555555555555556,0.43448275862068964,22
0,30,2,1,0.005555555555555556,0.43448275862068964,27
0,30,2,1,0.005555555555555556,0.43333333333333335,32
0,30,2,1,0.005555555555555556,0.432183908045977,39
0,30,2,1,0.005555555555555556,0.432183908045977,48
0,30,2,1,0.005555555555555556,0.4304597701149425,58
0,30,2,1,0.005555555555555556,0.42931034482758623,71
0,30,2,1,0.005555555555555556,0.42758620689655175,86
0,30,2,1,0.005555555555555556,0.42758620689655175,104
0,30,2,1,0.005555555555555556,0.42701149425287355,127
0,30,2,1,0.005555555555555556,0.4247126436781609,154
0,30,2,1,0.005555555555555556,0.4241379310344828,187
0,30,2,1,0.005555555555555556,0.4247126436781609,227
0,30,2,1,0.005555555555555556,0.42298850574712643,276
0,30,2,1,0.006666666666666667,0.4160919540229885,335
0,30,2,1,0.006666666666666667,0.40632183908045977,407
0,30,2,1,0.006666666666666667,0.4,495
0,30,2,1,0.006666666666666667,0.39597701149425285,601
0,30,2,1,0.013333333333333334,0.385632183908046,729
0,30,2,1,0.013333333333333334,0.3718390804597701,885
0,30,2,1,0.013333333333333334,0.36551724137931035,1075
0,30,2,1,0.014444444444444444,0.3528735632183908,1305
0,30,2,1,0.012222222222222223,0.32471264367816094,1584
0,30,2,1,0.012222222222222223,0.3195402298850575,1924
0,30,2,1,0.016666666666666666,0.3017241379310345,2335
0,30,2,1,0.016666666666666666,0.2982758620689655,2835
0,30,2,1,0.01888888888888889,0.28620689655172415,3442
0,30,2,1,0.017777777777777778,0.2672413793103448,4178
0,30,2,1,0.016666666666666666,0.24885057471264369,5072
0,30,2,1,0.02,0.23045977011494254,6158
0,30,2,1,0.024444444444444446,0.21666666666666667,7476
0,30,2,1,0.03666666666666667,0.20862068965517241,9076
0,30,2,1,0.035555555555555556,0.20229885057471264,11018
0,30,2,1,0.05333333333333334,0.1764367816091954,13375
0,30,2,1,0.05444444444444444,0.17011494252873563,16237
0,30,2,1,0.06333333333333334,0.16436781609195403,19712
0,30,2,1,0.06777777777777778,0.1454022988505747,23930
0,30,2,1,0.07666666666666666,0.13218390804597702,29050
0,30,2,1,0.07333333333333333,0.12758620689655173,35266
0,30,2,1,0.09111111111111111,0.09827586206896552,42813
0,30,2,1,0.08333333333333333,0.09827586206896552,51974
0,30,2,1,0.09444444444444444,0.1132183908045977,63095
0,30,2,1,0.09666666666666666,0.12931034482758622,76596
0,30,2,1,0.1288888888888889,0.12701149425287356,92986
0,30,2,1,0.15777777777777777,0.15344827586206897,112883
0,30,2,1,0.10222222222222223,0.13333333333333333,137038
0,30,2,1,0.12222222222222222,0.167816091954023,166361
0,30,2,1,0.15444444444444444,0.13735632183908045,201958
0,30,2,1,0.21777777777777776,0.13735632183908045,245173
0,30,2,1,0.1411111111111111,0.1310344827586207,297635
0,30,2,1,0.13444444444444445,0.14942528735632185,361322
0,30,2,1,0.2544444444444444,0.16264367816091954,438637
0,30,2,1,0.11666666666666667,0.12701149425287356,532495
0,30,2,1,0.14,0.12643678160919541,646437
0,30,2,1,0.18222222222222223,0.12413793103448276,784759
0,30,2,1,0.12666666666666668,0.1425287356321839,952680
0,30,2,1,0.20777777777777778,0.1339080459770115,1156532
0,30,2,1,0.22444444444444445,0.14655172413793102,1404004
0,30,2,1,0.18444444444444444,0.11264367816091954,1704429
0,30,2,1,0.2311111111111111,0.09022988505747126,2069138
0,30,2,1,0.20222222222222222,0.07701149425287357,2511886
0,30,2,1,0.17888888888888888,0.09942528735632183,3049372
0,30,2,1,0.22111111111111112,0.1471264367816092,3701869
0,30,2,1,0.14333333333333334,0.14022988505747128,4493984
0,30,2,1,0.2588888888888889,0.0867816091954023,5455594
0,30,2,1,0.3388888888888889,0.09310344827586207,6622967
0,30,2,1,0.18444444444444444,0.12471264367816091,8040131
0,30,2,1,0.33666666666666667,0.1028735632183908,9760536
0,30,2,1,0.1988888888888889,0.12126436781609196,11849068
0,30,2,1,0.21222222222222223,0.1396551724137931,14384498
0,30,2,1,0.19666666666666666,0.14022988505747128,17462453
0,30,2,1,0.1922222222222222,0.12931034482758622,21199020
0,30,2,1,0.13444444444444445,0.12816091954022987,25735127
0,30,2,1,0.19666666666666666,0.12528735632183907,31241857
0,30,2,1,0.31222222222222223,0.12298850574712644,37926901
0,30,2,1,0.18333333333333332,0.12758620689655173,46042393
0,30,2,1,0.1688888888888889,0.10804597701149425,55894415
0,30,2,1,0.2644444444444444,0.11896551724137931,67854545
0,30,2,1,0.2411111111111111,0.09080459770114943,82373870
0,30,2,10,0.0033333333333333335,0.1810344827586207,1
0,30,2,10,0.0033333333333333335,0.1810344827586207,2
0,30,2,10,0.0033333333333333335,0.1810344827586207,3
0,30,2,10,0.0033333333333333335,0.1810344827586207,4
0,30,2,10,0.0033333333333333335,0.1810344827586207,5
0,30,2,10,0.0033333333333333335,0.1810344827586207,6
0,30,2,10,0.0033333333333333335,0.1810344827586207,8
0,30,2,10,0.0033333333333333335,0.1810344827586207,10
0,30,2,10,0.0033333333333333335,0.1810344827586207,12
0,30,2,10,0.0033333333333333335,0.18045977011494252,15
0,30,2,10,0.0033333333333333335,0.18045977011494252,18
0,30,2,10,0.0033333333333333335,0.18045977011494252,22
0,30,2,10,0.0033333333333333335,0.17873563218390803,27
0,30,2,10,0.0033333333333333335,0.17873563218390803,32
0,30,2,10,0.0033333333333333335,0.17873563218390803,39
0,30,2,10,0.0033333333333333335,0.17873563218390803,48
0,30,2,10,0.0033333333333333335,0.1781609195402299,58
0,30,2,10,0.0033333333333333335,0.17758620689655172,71
0,30,2,10,0.0033333333333333335,0.1764367816091954,86
0,30,2,10,0.0033333333333333335,0.17471264367816092,104
0,30,2,10,0.0033333333333333335,0.17413793103448275,127
0,30,2,10,0.0033333333333333335,0.1735632183908046,154
0,30,2,10,0.0033333333333333335,0.17126436781609194,187
0,30,2,10,0.0033333333333333335,0.1706896551724138,227
0,30,2,10,0.0033333333333333335,0.16839080459770114,276
0,30,2,10,0.0033333333333333335,0.16436781609195403,335
0,30,2,10,0.0033333333333333335,0.16034482758620688,407
0,30,2,10,0.0033333333333333335,0.15747126436781608,495
0,30,2,10,0.0033333333333333335,0.15459770114942528,601
0,30,2,10,0.0033333333333333335,0.14885057471264368,729
0,30,2,10,0.0033333333333333335,0.14080459770114942,885
0,30,2,10,0.0033333333333333335,0.13505747126436782,1075
0,30,2,10,0.0044444444444444444,0.1206896551724138,1305
0,30,2,10,0.0044444444444444444,0.11206896551724138,1584
0,30,2,10,0.0033333333333333335,0.10632183908045977,1924
0,30,2,10,0.0044444444444444444,0.09597701149425288,2335
0,30,2,10,0.0044444444444444444,0.09022988505747126,2835
0,30,2,10,0.0044444444444444444,0.08160919540229886,3442
0,30,2,10,0.0044444444444444444,0.07528735632183908,4178
0,30,2,10,0.005555555555555556,0.06494252873563218,5072
0,30,2,10,0.005555555555555556,0.058045977011494256,6158
0,30,2,10,0.0077777777777777776,0.04942528735632184,7476
0,30,2,10,0.0077777777777777776,0.04367816091954023,9076
0,30,2,10,0.0077777777777777776,0.03735632183908046,11018
0,30,2,10,0.0077777777777777776,0.03333333333333333,13375
0,30,2,10,0.0077777777777777776,0.029310344827586206,16237
0,30,2,10,0.008888888888888889,0.02586206896551724,19712
0,30,2,10,0.011111111111111112,0.023563218390804597,23930
0,30,2,10,0.012222222222222223,0.02413793103448276,29050
0,30,2,10,0.012222222222222223,0.021264367816091954,35266
0,30,2,10,0.012222222222222223,0.022988505747126436,42813
0,30,2,10,0.015555555555555555,0.023563218390804597,51974
0,30,2,10,0.016666666666666666,0.02586206896551724,63095
0,30,2,10,0.016666666666666666,0.022413793103448276,76596
0,30,2,10,0.016666666666666666,0.022988505747126436,92986
0,30,2,10,0.015555555555555555,0.027011494252873563,112883
0,30,2,10,0.016666666666666666,0.026436781609195402,137038
0,30,2,10,0.016666666666666666,0.02471264367816092,166361
0,30,2,10,0.016666666666666666,0.022988505747126436,201958
0,30,2,10,0.016666666666666666,0.022988505747126436,245173
0,30,2,10,0.016666666666666666,0.02413793103448276,297635
0,30,2,10,0.015555555555555555,0.023563218390804597,361322
0,30,2,10,0.016666666666666666,0.02471264367816092,438637
0,30,2,10,0.016666666666666666,0.022413793103448276,532495
0,30,2,10,0.015555555555555555,0.02471264367816092,646437
0,30,2,10,0.015555555555555555,0.022988505747126436,784759
0,30,2,10,0.016666666666666666,0.023563218390804597,952680
0,30,2,10,0.015555555555555555,0.021264367816091954,1156532
0,30,2,10,0.015555555555555555,0.022988505747126436,1404004
0,30,2,10,0.015555555555555555,0.02528735632183908,1704429
0,30,2,10,0.016666666666666666,0.028735632183908046,2069138
0,30,2,10,0.015555555555555555,0.02471264367816092,2511886
0,30,2,10,0.016666666666666666,0.02471264367816092,3049372
0,30,2,10,0.016666666666666666,0.022988505747126436,3701869
0,30,2,10,0.016666666666666666,0.021839080459770115,4493984
0,30,2,10,0.015555555555555555,0.021839080459770115,5455594
0,30,2,10,0.016666666666666666,0.022988505747126436,6622967
0,30,2,10,0.016666666666666666,0.023563218390804597,8040131
0,30,2,10,0.015555555555555555,0.02413793103448276,9760536
0,30,2,10,0.015555555555555555,0.02413793103448276,11849068
0,30,2,10,0.016666666666666666,0.02471264367816092,14384498
0,30,2,10,0.016666666666666666,0.02471264367816092,17462453
0,30,2,10,0.016666666666666666,0.02586206896551724,21199020
0,30,2,10,0.015555555555555555,0.021839080459770115,25735127
0,30,2,10,0.016666666666666666,0.02413793103448276,31241857
0,30,2,10,0.016666666666666666,0.023563218390804597,37926901
0,30,2,10,0.016666666666666666,0.02471264367816092,46042393
0,30,2,10,0.015555555555555555,0.021264367816091954,55894415
0,30,2,10,0.015555555555555555,0.02413793103448276,67854545
0,30,2,10,0.016666666666666666,0.02471264367816092,82373870
0,30,2,100,0.0022222222222222222,0.05344827586206897,1
0,30,2,100,0.0022222222222222222,0.05344827586206897,2
0,30,2,100,0.0022222222222222222,0.05344827586206897,3
0,30,2,100,0.0022222222222222222,0.05344827586206897,4
0,30,2,100,0.0022222222222222222,0.05344827586206897,5
0,30,2,100,0.0022222222222222222,0.05344827586206897,6
0,30,2,100,0.0022222222222222222,0.05344827586206897,8
0,30,2,100,0.0022222222222222222,0.05344827586206897,10
0,30,2,100,0.0022222222222222222,0.05344827586206897,12
0,30,2,100,0.0022222222222222222,0.05344827586206897,15
0,30,2,100,0.0022222222222222222,0.05344827586206897,18
0,30,2,100,0.0022222222222222222,0.05344827586206897,22
0,30,2,100,0.0022222222222222222,0.05344827586206897,27
0,30,2,100,0.0022222222222222222,0.05344827586206897,32
0,30,2,100,0.0022222222222222222,0.05344827586206897,39
0,30,2,100,0.0022222222222222222,0.052873563218390804,48
0,30,2,100,0.0022222222222222222,0.052298850574712646,58
0,30,2,100,0.0022222222222222222,0.052298850574712646,71
0,30,2,100,0.0022222222222222222,0.05172413793103448,86
0,30,2,100,0.0022222222222222222,0.05172413793103448,104
0,30,2,100,0.0022222222222222222,0.05172413793103448,127
0,30,2,100,0.0022222222222222222,0.05172413793103448,154
0,30,2,100,0.0022222222222222222,0.05172413793103448,187
0,30,2,100,0.0022222222222222222,0.05057471264367816,227
0,30,2,100,0.0022222222222222222,0.05057471264367816,276
0,30,2,100,0.0022222222222222222,0.05,335
0,30,2,100,0.0022222222222222222,0.05,407
0,30,2,100,0.0022222222222222222,0.05,495
0,30,2,100,0.0022222222222222222,0.04827586206896552,601
0,30,2,100,0.0022222222222222222,0.04597701149425287,729
0,30,2,100,0.0022222222222222222,0.044252873563218394,885
0,30,2,100,0.0022222222222222222,0.04195402298850575,1075
0,30,2,100,0.0022222222222222222,0.038505747126436785,1305
0,30,2,100,0.0022222222222222222,0.0339080459770115,1584
0,30,2,100,0.0033333333333333335,0.03045977011494253,1924
0,30,2,100,0.0033333333333333335,0.028735632183908046,2335
0,30,2,100,0.0033333333333333335,0.02528735632183908,2835
0,30,2,100,0.0033333333333333335,0.023563218390804597,3442
0,30,2,100,0.0033333333333333335,0.021264367816091954,4178
0,30,2,100,0.0033333333333333335,0.016666666666666666,5072
0,30,2,100,0.0033333333333333335,0.01264367816091954,6158
0,30,2,100,0.0033333333333333335,0.009770114942528735,7476
0,30,2,100,0.0044444444444444444,0.007471264367816092,9076
0,30,2,100,0.0044444444444444444,0.00632183908045977,11018
0,30,2,100,0.0044444444444444444,0.005747126436781609,13375
0,30,2,100,0.0044444444444444444,0.004597701149425287,16237
0,30,2,100,0.0044444444444444444,0.004597701149425287,19712
0,30,2,100,0.0044444444444444444,0.005172413793103448,23930
0,30,2,100,0.0044444444444444444,0.004022988505747126,29050
0,30,2,100,0.0044444444444444444,0.004022988505747126,35266
0,30,2,100,0.0044444444444444444,0.004597701149425287,42813
0,30,2,100,0.0044444444444444444,0.004022988505747126,51974
0,30,2,100,0.0044444444444444444,0.004022988505747126,63095
0,30,2,100,0.0044444444444444444,0.005172413793103448,76596
0,30,2,100,0.0044444444444444444,0.004022988505747126,92986
0,30,2,100,0.0044444444444444444,0.004597701149425287,112883
0,30,2,100,0.0044444444444444444,0.004597701149425287,137038
0,30,2,100,0.0044444444444444444,0.004022988505747126,166361
0,30,2,100,0.0044444444444444444,0.004597701149425287,201958
0,30,2,100,0.0044444444444444444,0.004597701149425287,245173
0,30,2,100,0.0044444444444444444,0.004022988505747126,297635
0,30,2,100,0.0044444444444444444,0.004022988505747126,361322
0,30,2,100,0.0044444444444444444,0.004597701149425287,438637
0,30,2,100,0.0044444444444444444,0.004597701149425287,532495
0,30,2,100,0.0044444444444444444,0.004022988505747126,646437
0,30,2,100,0.0044444444444444444,0.004597701149425287,784759
0,30,2,100,0.0044444444444444444,0.004597701149425287,952680
0,30,2,100,0.0044444444444444444,0.004022988505747126,1156532
0,30,2,100,0.0044444444444444444,0.004597701149425287,1404004
0,30,2,100,0.0044444444444444444,0.004597701149425287,1704429
0,30,2,100,0.0044444444444444444,0.004022988505747126,2069138
0,30,2,100,0.0044444444444444444,0.004022988505747126,2511886
0,30,2,100,0.0044444444444444444,0.004022988505747126,3049372
0,30,2,100,0.0044444444444444444,0.004022988505747126,3701869
0,30,2,100,0.0044444444444444444,0.004597701149425287,4493984
0,30,2,100,0.0044444444444444444,0.004022988505747126,5455594
0,30,2,100,0.0044444444444444444,0.004597701149425287,6622967
0,30,2,100,0.0044444444444444444,0.004022988505747126,8040131
0,30,2,100,0.0044444444444444444,0.004597701149425287,9760536
0,30,2,100,0.0044444444444444444,0.004597701149425287,11849068
0,30,2,100,0.0044444444444444444,0.004022988505747126,14384498
0,30,2,100,0.0044444444444444444,0.005172413793103448,17462453
0,30,2,100,0.0044444444444444444,0.004597701149425287,21199020
0,30,2,100,0.0044444444444444444,0.004022988505747126,25735127
0,30,2,100,0.0044444444444444444,0.004597701149425287,31241857
0,30,2,100,0.0044444444444444444,0.004597701149425287,37926901
0,30,2,100,0.0044444444444444444,0.004597701149425287,46042393
0,30,2,100,0.0044444444444444444,0.005172413793103448,55894415
0,30,2,100,0.0044444444444444444,0.004597701149425287,67854545
0,30,2,100,0.0044444444444444444,0.005172413793103448,82373870
0,30,2,200,0.0022222222222222222,0.0339080459770115,1
0,30,2,200,0.0022222222222222222,0.0339080459770115,2
0,30,2,200,0.0022222222222222222,0.0339080459770115,3
0,30,2,200,0.0022222222222222222,0.0339080459770115,4
0,30,2,200,0.0022222222222222222,0.0339080459770115,5
0,30,2,200,0.0022222222222222222,0.0339080459770115,6
0,30,2,200,0.0022222222222222222,0.0339080459770115,8
0,30,2,200,0.0022222222222222222,0.0339080459770115,10
0,30,2,200,0.0022222222222222222,0.0339080459770115,12
0,30,2,200,0.0022222222222222222,0.0339080459770115,15
0,30,2,200,0.0022222222222222222,0.0339080459770115,18
0,30,2,200,0.0022222222222222222,0.0339080459770115,22
0,30,2,200,0.0022222222222222222,0.0339080459770115,27
0,30,2,200,0.0022222222222222222,0.032758620689655175,32
0,30,2,200,0.0022222222222222222,0.032758620689655175,39
0,30,2,200,0.0022222222222222222,0.032758620689655175,48
0,30,2,200,0.0022222222222222222,0.032758620689655175,58
0,30,2,200,0.0022222222222222222,0.03218390804597701,71
0,30,2,200,0.0022222222222222222,0.03218390804597701,86
0,30,2,200,0.0022222222222222222,0.03218390804597701,104
0,30,2,200,0.0022222222222222222,0.03218390804597701,127
0,30,2,200,0.0022222222222222222,0.031609195402298854,154
0,30,2,200,0.0022222222222222222,0.031609195402298854,187
0,30,2,200,0.0022222222222222222,0.031609195402298854,227
0,30,2,200,0.0022222222222222222,0.03103448275862069,276
0,30,2,200,0.0022222222222222222,0.029885057471264367,335
0,30,2,200,0.0022222222222222222,0.029310344827586206,407
0,30,2,200,0.0022222222222222222,0.028160919540229885,495
0,30,2,200,0.0022222222222222222,0.028160919540229885,601
0,30,2,200,0.0022222222222222222,0.027011494252873563,729
0,30,2,200,0.0022222222222222222,0.026436781609195402,885
0,30,2,200,0.0022222222222222222,0.02471264367816092,1075
0,30,2,200,0.0022222222222222222,0.022988505747126436,1305
0,30,2,200,0.0022222222222222222,0.022988505747126436,1584
0,30,2,200,0.0022222222222222222,0.020114942528735632,1924
0,30,2,200,0.0022222222222222222,0.01896551724137931,2335
0,30,2,200,0.0022222222222222222,0.017816091954022988,2835
0,30,2,200,0.0033333333333333335,0.014367816091954023,3442
0,30,2,200,0.0033333333333333335,0.013218390804597701,4178
0,30,2,200,0.0033333333333333335,0.011494252873563218,5072
0,30,2,200,0.0033333333333333335,0.009770114942528735,6158
0,30,2,200,0.0033333333333333335,0.007471264367816092,7476
0,30,2,200,0.0033333333333333335,0.00632183908045977,9076
0,30,2,200,0.0033333333333333335,0.005747126436781609,11018
0,30,2,200,0.0033333333333333335,0.0034482758620689655,13375
0,30,2,200,0.0044444444444444444,0.004022988505747126,16237
0,30,2,200,0.0044444444444444444,0.0022988505747126436,19712
0,30,2,200,0.0044444444444444444,0.0017241379310344827,23930
0,30,2,200,0.0044444444444444444,0.0017241379310344827,29050
0,30,2,200,0.0044444444444444444,0.0017241379310344827,35266
0,30,2,200,0.0044444444444444444,0.0017241379310344827,42813
0,30,2,200,0.0044444444444444444,0.0022988505747126436,51974
0,30,2,200,0.0044444444444444444,0.0028735632183908046,63095
0,30,2,200,0.0044444444444444444,0.0017241379310344827,76596
0,30,2,200,0.0044444444444444444,0.0017241379310344827,92986
0,30,2,200,0.0044444444444444444,0.0017241379310344827,112883
0,30,2,200,0.0033333333333333335,0.0028735632183908046,137038
0,30,2,200,0.005555555555555556,0.0022988505747126436,166361
0,30,2,200,0.0044444444444444444,0.0022988505747126436,201958
0,30,2,200,0.0044444444444444444,0.0017241379310344827,245173
0,30,2,200,0.0044444444444444444,0.0017241379310344827,297635
0,30,2,200,0.005555555555555556,0.0022988505747126436,361322
0,30,2,200,0.0044444444444444444,0.0028735632183908046,438637
0,30,2,200,0.0044444444444444444,0.0022988505747126436,532495
0,30,2,200,0.0044444444444444444,0.0022988505747126436,646437
0,30,2,200,0.0033333333333333335,0.0028735632183908046,784759
0,30,2,200,0.0044444444444444444,0.0028735632183908046,952680
0,30,2,200,0.0044444444444444444,0.0028735632183908046,1156532
0,30,2,200,0.0044444444444444444,0.0017241379310344827,1404004
0,30,2,200,0.0044444444444444444,0.0022988505747126436,1704429
0,30,2,200,0.0044444444444444444,0.0022988505747126436,2069138
0,30,2,200,0.0044444444444444444,0.0022988505747126436,2511886
0,30,2,200,0.0044444444444444444,0.0022988505747126436,3049372
0,30,2,200,0.0044444444444444444,0.0022988505747126436,3701869
0,30,2,200,0.0044444444444444444,0.0022988505747126436,4493984
0,30,2,200,0.0044444444444444444,0.0022988505747126436,5455594
0,30,2,200,0.0033333333333333335,0.0028735632183908046,6622967
0,30,2,200,0.0044444444444444444,0.0022988505747126436,8040131
0,30,2,200,0.0044444444444444444,0.0017241379310344827,9760536
0,30,2,200,0.0044444444444444444,0.0017241379310344827,11849068
0,30,2,200,0.005555555555555556,0.0022988505747126436,14384498
0,30,2,200,0.005555555555555556,0.0022988505747126436,17462453
0,30,2,200,0.0044444444444444444,0.0022988505747126436,21199020
0,30,2,200,0.0044444444444444444,0.0022988505747126436,25735127
0,30,2,200,0.0044444444444444444,0.0017241379310344827,31241857
0,30,2,200,0.005555555555555556,0.0022988505747126436,37926901
0,30,2,200,0.0044444444444444444,0.0022988505747126436,46042393
0,30,2,200,0.0044444444444444444,0.0022988505747126436,55894415
0,30,2,200,0.0044444444444444444,0.0022988505747126436,67854545
0,30,2,200,0.0044444444444444444,0.0022988505747126436,82373870
0,30,2,300,0.0011111111111111111,0.0339080459770115,1
0,30,2,300,0.0011111111111111111,0.0339080459770115,2
0,30,2,300,0.0011111111111111111,0.0339080459770115,3
0,30,2,300,0.0011111111111111111,0.0339080459770115,4
0,30,2,300,0.0011111111111111111,0.0339080459770115,5
0,30,2,300,0.0011111111111111111,0.0339080459770115,6
0,30,2,300,0.0011111111111111111,0.0339080459770115,8
0,30,2,300,0.0011111111111111111,0.0339080459770115,10
0,30,2,300,0.0022222222222222222,0.03333333333333333,12
0,30,2,300,0.0022222222222222222,0.03333333333333333,15
0,30,2,300,0.0022222222222222222,0.032758620689655175,18
0,30,2,300,0.0022222222222222222,0.032758620689655175,22
0,30,2,300,0.0022222222222222222,0.032758620689655175,27
0,30,2,300,0.0022222222222222222,0.032758620689655175,32
0,30,2,300,0.0022222222222222222,0.032758620689655175,39
0,30,2,300,0.0022222222222222222,0.032758620689655175,48
0,30,2,300,0.0022222222222222222,0.032758620689655175,58
0,30,2,300,0.0022222222222222222,0.032758620689655175,71
0,30,2,300,0.0022222222222222222,0.03218390804597701,86
0,30,2,300,0.0022222222222222222,0.03218390804597701,104
0,30,2,300,0.0022222222222222222,0.03218390804597701,127
0,30,2,300,0.0022222222222222222,0.031609195402298854,154
0,30,2,300,0.0022222222222222222,0.031609195402298854,187
0,30,2,300,0.0022222222222222222,0.03103448275862069,227
0,30,2,300,0.0022222222222222222,0.03103448275862069,276
0,30,2,300,0.0022222222222222222,0.03045977011494253,335
0,30,2,300,0.0022222222222222222,0.029885057471264367,407
0,30,2,300,0.0022222222222222222,0.029885057471264367,495
0,30,2,300,0.0022222222222222222,0.028735632183908046,601
0,30,2,300,0.0022222222222222222,0.028160919540229885,729
0,30,2,300,0.0022222222222222222,0.027011494252873563,885
0,30,2,300,0.0022222222222222222,0.026436781609195402,1075
0,30,2,300,0.0022222222222222222,0.02586206896551724,1305
0,30,2,300,0.0022222222222222222,0.02528735632183908,1584
0,30,2,300,0.0022222222222222222,0.023563218390804597,1924
0,30,2,300,0.0033333333333333335,0.021264367816091954,2335
0,30,2,300,0.0033333333333333335,0.01839080459770115,2835
0,30,2,300,0.0033333333333333335,0.017816091954022988,3442
0,30,2,300,0.0033333333333333335,0.01264367816091954,4178
0,30,2,300,0.0033333333333333335,0.009195402298850575,5072
0,30,2,300,0.0033333333333333335,0.007471264367816092,6158
0,30,2,300,0.0044444444444444444,0.00632183908045977,7476
0,30,2,300,0.0044444444444444444,0.0017241379310344827,9076
0,30,2,300,0.0044444444444444444,0.0011494252873563218,11018
0,30,2,300,0.0044444444444444444,0.0011494252873563218,13375
0,30,2,300,0.0044444444444444444,0.0005747126436781609,16237
0,30,2,300,0.0044444444444444444,0.0,19712
0,30,2,300,0.0044444444444444444,0.0,23930
0,30,2,300,0.0044444444444444444,0.0,29050
0,30,2,300,0.0044444444444444444,0.0,35266
0,30,2,300,0.0044444444444444444,0.0,42813
0,30,2,300,0.0044444444444444444,0.0,51974
0,30,2,300,0.0044444444444444444,0.0,63095
0,30,2,300,0.0044444444444444444,0.0,76596
0,30,2,300,0.0044444444444444444,0.0,92986
0,30,2,300,0.0044444444444444444,0.0,112883
0,30,2,300,0.0044444444444444444,0.0,137038
0,30,2,300,0.0044444444444444444,0.0,166361
0,30,2,300,0.0044444444444444444,0.0,201958
0,30,2,300,0.0044444444444444444,0.0,245173
0,30,2,300,0.0044444444444444444,0.0,297635
0,30,2,300,0.0044444444444444444,0.0,361322
0,30,2,300,0.0044444444444444444,0.0,438637
0,30,2,300,0.0044444444444444444,0.0,532495
0,30,2,300,0.0044444444444444444,0.0,646437
0,30,2,300,0.0044444444444444444,0.0,784759
0,30,2,300,0.0044444444444444444,0.0,952680
0,30,2,300,0.0044444444444444444,0.0,1156532
0,30,2,300,0.0044444444444444444,0.0,1404004
0,30,2,300,0.0044444444444444444,0.0,1704429
0,30,2,300,0.0044444444444444444,0.0,2069138
0,30,2,300,0.0044444444444444444,0.0,2511886
0,30,2,300,0.0044444444444444444,0.0,3049372
0,30,2,300,0.0044444444444444444,0.0,3701869
0,30,2,300,0.0044444444444444444,0.0,4493984
0,30,2,300,0.0044444444444444444,0.0,5455594
0,30,2,300,0.0044444444444444444,0.0,6622967
0,30,2,300,0.0044444444444444444,0.0,8040131
0,30,2,300,0.0044444444444444444,0.0,9760536
0,30,2,300,0.0044444444444444444,0.0,11849068
0,30,2,300,0.0044444444444444444,0.0,14384498
0,30,2,300,0.0044444444444444444,0.0,17462453
0,30,2,300,0.0044444444444444444,0.0,21199020
0,30,2,300,0.0044444444444444444,0.0,25735127
0,30,2,300,0.0044444444444444444,0.0,31241857
0,30,2,300,0.0044444444444444444,0.0,37926901
0,30,2,300,0.0044444444444444444,0.0,46042393
0,30,2,300,0.0044444444444444444,0.0,55894415
0,30,2,300,0.0044444444444444444,0.0,67854545
0,30,2,300,0.0044444444444444444,0.0,82373870
0,30,2,500,0.0011111111111111111,0.022413793103448276,1
0,30,2,500,0.0011111111111111111,0.022413793103448276,2
0,30,2,500,0.0011111111111111111,0.022413793103448276,3
0,30,2,500,0.0011111111111111111,0.022413793103448276,4
0,30,2,500,0.0011111111111111111,0.022413793103448276,5
0,30,2,500,0.0011111111111111111,0.022413793103448276,6
0,30,2,500,0.0011111111111111111,0.022413793103448276,8
0,30,2,500,0.0011111111111111111,0.022413793103448276,10
0,30,2,500,0.0011111111111111111,0.022413793103448276,12
0,30,2,500,0.0011111111111111111,0.022413793103448276,15
0,30,2,500,0.0011111111111111111,0.022413793103448276,18
0,30,2,500,0.0011111111111111111,0.022413793103448276,22
0,30,2,500,0.0011111111111111111,0.022413793103448276,27
0,30,2,500,0.0022222222222222222,0.021839080459770115,32
0,30,2,500,0.0022222222222222222,0.021264367816091954,39
0,30,2,500,0.0022222222222222222,0.021264367816091954,48
0,30,2,500,0.0022222222222222222,0.021264367816091954,58
0,30,2,500,0.0022222222222222222,0.021264367816091954,71
0,30,2,500,0.0022222222222222222,0.021264367816091954,86
0,30,2,500,0.0022222222222222222,0.020689655172413793,104
0,30,2,500,0.0022222222222222222,0.020689655172413793,127
0,30,2,500,0.0022222222222222222,0.020689655172413793,154
0,30,2,500,0.0022222222222222222,0.020689655172413793,187
0,30,2,500,0.0022222222222222222,0.020689655172413793,227
0,30,2,500,0.0022222222222222222,0.020689655172413793,276
0,30,2,500,0.0022222222222222222,0.020114942528735632,335
0,30,2,500,0.0022222222222222222,0.01839080459770115,407
0,30,2,500,0.0022222222222222222,0.017816091954022988,495
0,30,2,500,0.0022222222222222222,0.016666666666666666,601
0,30,2,500,0.0022222222222222222,0.016666666666666666,729
0,30,2,500,0.0022222222222222222,0.015517241379310345,885
0,30,2,500,0.0022222222222222222,0.014367816091954023,1075
0,30,2,500,0.0033333333333333335,0.013218390804597701,1305
0,30,2,500,0.0033333333333333335,0.01264367816091954,1584
0,30,2,500,0.0033333333333333335,0.011494252873563218,1924
0,30,2,500,0.0033333333333333335,0.011494252873563218,2335
0,30,2,500,0.0033333333333333335,0.009195402298850575,2835
0,30,2,500,0.0033333333333333335,0.008045977011494253,3442
0,30,2,500,0.0033333333333333335,0.006896551724137931,4178
0,30,2,500,0.0033333333333333335,0.005747126436781609,5072
0,30,2,500,0.0044444444444444444,0.004597701149425287,6158
0,30,2,500,0.0044444444444444444,0.0017241379310344827,7476
0,30,2,500,0.0044444444444444444,0.0017241379310344827,9076
0,30,2,500,0.005555555555555556,0.0005747126436781609,11018
0,30,2,500,0.005555555555555556,0.0005747126436781609,13375
0,30,2,500,0.005555555555555556,0.0,16237
0,30,2,500,0.005555555555555556,0.0,19712
0,30,2,500,0.005555555555555556,0.0,23930
0,30,2,500,0.005555555555555556,0.0,29050
0,30,2,500,0.005555555555555556,0.0,35266
0,30,2,500,0.005555555555555556,0.0,42813
0,30,2,500,0.005555555555555556,0.0,51974
0,30,2,500,0.005555555555555556,0.0,63095
0,30,2,500,0.005555555555555556,0.0,76596
0,30,2,500,0.005555555555555556,0.0,92986
0,30,2,500,0.005555555555555556,0.0,112883
0,30,2,500,0.005555555555555556,0.0,137038
0,30,2,500,0.005555555555555556,0.0,166361
0,30,2,500,0.005555555555555556,0.0,201958
0,30,2,500,0.005555555555555556,0.0,245173
0,30,2,500,0.005555555555555556,0.0,297635
0,30,2,500,0.005555555555555556,0.0,361322
0,30,2,500,0.005555555555555556,0.0,438637
0,30,2,500,0.005555555555555556,0.0,532495
0,30,2,500,0.005555555555555556,0.0,646437
0,30,2,500,0.005555555555555556,0.0,784759
0,30,2,500,0.005555555555555556,0.0,952680
0,30,2,500,0.005555555555555556,0.0,1156532
0,30,2,500,0.005555555555555556,0.0,1404004
0,30,2,500,0.005555555555555556,0.0,1704429
0,30,2,500,0.005555555555555556,0.0,2069138
0,30,2,500,0.005555555555555556,0.0,2511886
0,30,2,500,0.005555555555555556,0.0,3049372
0,30,2,500,0.005555555555555556,0.0,3701869
0,30,2,500,0.005555555555555556,0.0,4493984
0,30,2,500,0.005555555555555556,0.0,5455594
0,30,2,500,0.005555555555555556,0.0,6622967
0,30,2,500,0.005555555555555556,0.0,8040131
0,30,2,500,0.005555555555555556,0.0,9760536
0,30,2,500,0.005555555555555556,0.0,11849068
0,30,2,500,0.005555555555555556,0.0,14384498
0,30,2,500,0.005555555555555556,0.0,17462453
0,30,2,500,0.005555555555555556,0.0,21199020
0,30,2,500,0.005555555555555556,0.0,25735127
0,30,2,500,0.005555555555555556,0.0,31241857
0,30,2,500,0.005555555555555556,0.0,37926901
0,30,2,500,0.005555555555555556,0.0,46042393
0,30,2,500,0.005555555555555556,0.0,55894415
0,30,2,500,0.005555555555555556,0.0,67854545
0,30,2,500,0.005555555555555556,0.0,82373870
0,30,5,1,0.0022222222222222222,0.8442528735632184,1
0,30,5,1,0.0022222222222222222,0.8442528735632184,2
0,30,5,1,0.0022222222222222222,0.8442528735632184,3
0,30,5,1,0.0022222222222222222,0.8442528735632184,4
0,30,5,1,0.0022222222222222222,0.8442528735632184,5
0,30,5,1,0.0022222222222222222,0.8442528735632184,6
0,30,5,1,0.0022222222222222222,0.8442528735632184,8
0,30,5,1,0.0022222222222222222,0.8442528735632184,10
0,30,5,1,0.0022222222222222222,0.8442528735632184,12
0,30,5,1,0.0022222222222222222,0.8442528735632184,15
0,30,5,1,0.0022222222222222222,0.8448275862068966,18
0,30,5,1,0.0022222222222222222,0.8448275862068966,22
0,30,5,1,0.0022222222222222222,0.8448275862068966,27
0,30,5,1,0.0022222222222222222,0.8448275862068966,32
0,30,5,1,0.0022222222222222222,0.8442528735632184,39
0,30,5,1,0.0022222222222222222,0.8436781609195402,48
0,30,5,1,0.0022222222222222222,0.8442528735632184,58
0,30,5,1,0.0022222222222222222,0.8448275862068966,71
0,30,5,1,0.0022222222222222222,0.8442528735632184,86
0,30,5,1,0.0022222222222222222,0.8442528735632184,104
0,30,5,1,0.0022222222222222222,0.8442528735632184,127
0,30,5,1,0.0022222222222222222,0.843103448275862,154
0,30,5,1,0.0022222222222222222,0.8448275862068966,187
0,30,5,1,0.0022222222222222222,0.843103448275862,227
0,30,5,1,0.0022222222222222222,0.8425287356321839,276
0,30,5,1,0.0022222222222222222,0.843103448275862,335
0,30,5,1,0.0022222222222222222,0.8385057471264368,407
0,30,5,1,0.0022222222222222222,0.8373563218390805,495
0,30,5,1,0.0022222222222222222,0.8344827586206897,601
0,30,5,1,0.0033333333333333335,0.8344827586206897,729
0,30,5,1,0.0033333333333333335,0.8344827586206897,885
0,30,5,1,0.0033333333333333335,0.8304597701149425,1075
0,30,5,1,0.0033333333333333335,0.8275862068965517,1305
0,30,5,1,0.0033333333333333335,0.8310344827586207,1584
0,30,5,1,0.0033333333333333335,0.8293103448275863,1924
0,30,5,1,0.0033333333333333335,0.8304597701149425,2335
0,30,5,1,0.0033333333333333335,0.8247126436781609,2835
0,30,5,1,0.0044444444444444444,0.8114942528735632,3442
0,30,5,1,0.0044444444444444444,0.8068965517241379,4178
0,30,5,1,0.0044444444444444444,0.7919540229885057,5072
0,30,5,1,0.005555555555555556,0.7752873563218391,6158
0,30,5,1,0.006666666666666667,0.7632183908045977,7476
0,30,5,1,0.008888888888888889,0.7540229885057471,9076
0,30,5,1,0.01,0.7402298850574712,11018
0,30,5,1,0.01,0.7114942528735633,13375
0,30,5,1,0.01,0.6850574712643678,16237
0,30,5,1,0.013333333333333334,0.6781609195402298,19712
0,30,5,1,0.01888888888888889,0.6787356321839081,23930
0,30,5,1,0.016666666666666666,0.6591954022988505,29050
0,30,5,1,0.022222222222222223,0.635632183908046,35266
0,30,5,1,0.028888888888888888,0.6505747126436782,42813
0,30,5,1,0.051111111111111114,0.6275862068965518,51974
0,30,5,1,0.08222222222222222,0.5402298850574713,63095
0,30,5,1,0.1288888888888889,0.49310344827586206,76596
0,30,5,1,0.19333333333333333,0.43908045977011495,92986
0,30,5,1,0.27555555555555555,0.38448275862068965,112883
0,30,5,1,0.43666666666666665,0.25632183908045975,137038
0,30,5,1,0.5111111111111111,0.18850574712643678,166361
0,30,5,1,0.5744444444444444,0.14655172413793102,201958
0,30,5,1,0.6333333333333333,0.09770114942528736,245173
0,30,5,1,0.6044444444444445,0.1339080459770115,297635
0,30,5,1,0.5744444444444444,0.1528735632183908,361322
0,30,5,1,0.69,0.06609195402298851,438637
0,30,5,1,0.6777777777777778,0.06839080459770115,532495
0,30,5,1,0.6444444444444445,0.10344827586206896,646437
0,30,5,1,0.6166666666666667,0.10862068965517241,784759
0,30,5,1,0.6177777777777778,0.09597701149425288,952680
0,30,5,1,0.5877777777777777,0.14597701149425288,1156532
0,30,5,1,0.6311111111111111,0.11781609195402298,1404004
0,30,5,1,0.6288888888888889,0.10977011494252874,1704429
0,30,5,1,0.6644444444444444,0.09540229885057472,2069138
0,30,5,1,0.6733333333333333,0.07758620689655173,2511886
0,30,5,1,0.6655555555555556,0.06436781609195402,3049372
0,30,5,1,0.6177777777777778,0.11149425287356322,3701869
0,30,5,1,0.6922222222222222,0.06379310344827586,4493984
0,30,5,1,0.6077777777777778,0.10459770114942529,5455594
0,30,5,1,0.66,0.07873563218390804,6622967
0,30,5,1,0.6855555555555556,0.10459770114942529,8040131
0,30,5,1,0.6422222222222222,0.1367816091954023,9760536
0,30,5,1,0.64,0.0896551724137931,11849068
0,30,5,1,0.6244444444444445,0.09655172413793103,14384498
0,30,5,1,0.63,0.09827586206896552,17462453
0,30,5,1,0.6022222222222222,0.08793103448275862,21199020
0,30,5,1,0.6233333333333333,0.07701149425287357,25735127
0,30,5,1,0.5933333333333334,0.1310344827586207,31241857
0,30,5,1,0.6188888888888889,0.10919540229885058,37926901
0,30,5,1,0.6355555555555555,0.09310344827586207,46042393
0,30,5,1,0.6022222222222222,0.10402298850574712,55894415
0,30,5,1,0.6222222222222222,0.10344827586206896,67854545
0,30,5,1,0.5911111111111111,0.10402298850574712,82373870
0,30,5,10,0.0011111111111111111,0.37126436781609196,1
0,30,5,10,0.0011111111111111111,0.37126436781609196,2
0,30,5,10,0.0011111111111111111,0.37126436781609196,3
0,30,5,10,0.0011111111111111111,0.37126436781609196,4
0,30,5,10,0.0011111111111111111,0.37126436781609196,5
0,30,5,10,0.0011111111111111111,0.37126436781609196,6
0,30,5,10,0.0011111111111111111,0.3718390804597701,8
0,30,5,10,0.0011111111111111111,0.3718390804597701,10
0,30,5,10,0.0011111111111111111,0.3718390804597701,12
0,30,5,10,0.0011111111111111111,0.3718390804597701,15
0,30,5,10,0.0011111111111111111,0.3718390804597701,18
0,30,5,10,0.0011111111111111111,0.3718390804597701,22
0,30,5,10,0.0011111111111111111,0.3718390804597701,27
0,30,5,10,0.0011111111111111111,0.3718390804597701,32
0,30,5,10,0.0011111111111111111,0.3718390804597701,39
0,30,5,10,0.0011111111111111111,0.3718390804597701,48
0,30,5,10,0.0011111111111111111,0.37298850574712644,58
0,30,5,10,0.0011111111111111111,0.37298850574712644,71
0,30,5,10,0.0011111111111111111,0.37298850574712644,86
0,30,5,10,0.0011111111111111111,0.37298850574712644,104
0,30,5,10,0.0011111111111111111,0.37298850574712644,127
0,30,5,10,0.0011111111111111111,0.3724137931034483,154
0,30,5,10,0.0011111111111111111,0.37298850574712644,187
0,30,5,10,0.0011111111111111111,0.37298850574712644,227
0,30,5,10,0.0011111111111111111,0.37298850574712644,276
0,30,5,10,0.0011111111111111111,0.3724137931034483,335
0,30,5,10,0.0011111111111111111,0.37298850574712644,407
0,30,5,10,0.0011111111111111111,0.37298850574712644,495
0,30,5,10,0.0011111111111111111,0.3741379310344828,601
0,30,5,10,0.0011111111111111111,0.3741379310344828,729
0,30,5,10,0.0011111111111111111,0.3764367816091954,885
0,30,5,10,0.0022222222222222222,0.37126436781609196,1075
0,30,5,10,0.0022222222222222222,0.3718390804597701,1305
0,30,5,10,0.0022222222222222222,0.37298850574712644,1584
0,30,5,10,0.0022222222222222222,0.36954022988505747,1924
0,30,5,10,0.0022222222222222222,0.3689655172413793,2335
0,30,5,10,0.0022222222222222222,0.3706896551724138,2835
0,30,5,10,0.0022222222222222222,0.3724137931034483,3442
0,30,5,10,0.0022222222222222222,0.37298850574712644,4178
0,30,5,10,0.0022222222222222222,0.3718390804597701,5072
0,30,5,10,0.0022222222222222222,0.367816091954023,6158
0,30,5,10,0.0033333333333333335,0.3568965517241379,7476
0,30,5,10,0.0044444444444444444,0.3442528735632184,9076
0,30,5,10,0.0044444444444444444,0.3373563218390805,11018
0,30,5,10,0.005555555555555556,0.30919540229885056,13375
0,30,5,10,0.005555555555555556,0.28908045977011493,16237
0,30,5,10,0.006666666666666667,0.27241379310344827,19712
0,30,5,10,0.0077777777777777776,0.2591954022988506,23930
0,30,5,10,0.0077777777777777776,0.2293103448275862,29050
0,30,5,10,0.01,0.2160919540229885,35266
0,30,5,10,0.014444444444444444,0.2045977011494253,42813
0,30,5,10,0.021111111111111112,0.19655172413793104,51974
0,30,5,10,0.02666666666666667,0.1735632183908046,63095
0,30,5,10,0.027777777777777776,0.1896551724137931,76596
0,30,5,10,0.03777777777777778,0.16954022988505746,92986
0,30,5,10,0.07777777777777778,0.17471264367816092,112883
0,30,5,10,0.1111111111111111,0.15689655172413794,137038
0,30,5,10,0.13555555555555557,0.16724137931034483,166361
0,30,5,10,0.14444444444444443,0.19770114942528735,201958
0,30,5,10,0.15777777777777777,0.14770114942528736,245173
0,30,5,10,0.16555555555555557,0.15344827586206897,297635
0,30,5,10,0.16444444444444445,0.14482758620689656,361322
0,30,5,10,0.15,0.16954022988505746,438637
0,30,5,10,0.14777777777777779,0.16494252873563217,532495
0,30,5,10,0.12111111111111111,0.13908045977011493,646437
0,30,5,10,0.14777777777777779,0.10574712643678161,784759
0,30,5,10,0.13777777777777778,0.15517241379310345,952680
0,30,5,10,0.13,0.12988505747126436,1156532
0,30,5,10,0.15333333333333332,0.14022988505747128,1404004
0,30,5,10,0.17222222222222222,0.11724137931034483,1704429
0,30,5,10,0.15666666666666668,0.1074712643678161,2069138
0,30,5,10,0.11666666666666667,0.18333333333333332,2511886
0,30,5,10,0.15,0.08448275862068966,3049372
0,30,5,10,0.16777777777777778,0.1482758620689655,3701869
0,30,5,10,0.10666666666666667,0.19080459770114944,4493984
0,30,5,10,0.10777777777777778,0.1528735632183908,5455594
0,30,5,10,0.1,0.15,6622967
0,30,5,10,0.09666666666666666,0.23218390804597702,8040131
0,30,5,10,0.11444444444444445,0.28793103448275864,9760536
0,30,5,10,0.13444444444444445,0.28045977011494255,11849068
0,30,5,10,0.17,0.18160919540229886,14384498
0,30,5,10,0.31222222222222223,0.15,17462453
0,30,5,10,0.2011111111111111,0.11379310344827587,21199020
0,30,5,10,0.14222222222222222,0.12011494252873563,25735127
0,30,5,10,0.18666666666666668,0.16724137931034483,31241857
0,30,5,10,0.19111111111111112,0.19540229885057472,37926901
0,30,5,10,0.16777777777777778,0.24655172413793103,46042393
0,30,5,10,0.18777777777777777,0.10689655172413794,55894415
0,30,5,10,0.18333333333333332,0.2689655172413793,67854545
0,30,5,10,0.24555555555555555,0.2149425287356322,82373870
0,30,5,100,0.0011111111111111111,0.13448275862068965,1
0,30,5,100,0.0011111111111111111,0.13448275862068965,2
0,30,5,100,0.0011111111111111111,0.13448275862068965,3
0,30,5,100,0.0011111111111111111,0.13448275862068965,4
0,30,5,100,0.0011111111111111111,0.13448275862068965,5
0,30,5,100,0.0011111111111111111,0.13448275862068965,6
0,30,5,100,0.0011111111111111111,0.13448275862068965,8
0,30,5,100,0.0011111111111111111,0.13448275862068965,10
0,30,5,100,0.0011111111111111111,0.13448275862068965,12
0,30,5,100,0.0011111111111111111,0.13448275862068965,15
0,30,5,100,0.0011111111111111111,0.13448275862068965,18
0,30,5,100,0.0011111111111111111,0.13448275862068965,22
0,30,5,100,0.0011111111111111111,0.13448275862068965,27
0,30,5,100,0.0011111111111111111,0.13448275862068965,32
0,30,5,100,0.0011111111111111111,0.13448275862068965,39
0,30,5,100,0.0011111111111111111,0.1339080459770115,48
0,30,5,100,0.0011111111111111111,0.1339080459770115,58
0,30,5,100,0.0011111111111111111,0.1339080459770115,71
0,30,5,100,0.0011111111111111111,0.1339080459770115,86
0,30,5,100,0.0011111111111111111,0.1339080459770115,104
0,30,5,100,0.0011111111111111111,0.1339080459770115,127
0,30,5,100,0.0011111111111111111,0.1339080459770115,154
0,30,5,100,0.0011111111111111111,0.1339080459770115,187
0,30,5,100,0.0011111111111111111,0.1339080459770115,227
0,30,5,100,0.0011111111111111111,0.1339080459770115,276
0,30,5,100,0.0011111111111111111,0.1339080459770115,335
0,30,5,100,0.0011111111111111111,0.13333333333333333,407
0,30,5,100,0.0011111111111111111,0.13333333333333333,495
0,30,5,100,0.0011111111111111111,0.13333333333333333,601
0,30,5,100,0.0011111111111111111,0.13448275862068965,729
0,30,5,100,0.0011111111111111111,0.13448275862068965,885
0,30,5,100,0.0011111111111111111,0.13448275862068965,1075
0,30,5,100,0.0011111111111111111,0.135632183908046,1305
0,30,5,100,0.0011111111111111111,0.13620689655172413,1584
0,30,5,100,0.0022222222222222222,0.135632183908046,1924
0,30,5,100,0.0022222222222222222,0.135632183908046,2335
0,30,5,100,0.0022222222222222222,0.135632183908046,2835
0,30,5,100,0.0022222222222222222,0.135632183908046,3442
0,30,5,100,0.0022222222222222222,0.13218390804597702,4178
0,30,5,100,0.0022222222222222222,0.12931034482758622,5072
0,30,5,100,0.0022222222222222222,0.12816091954022987,6158
0,30,5,100,0.0022222222222222222,0.12298850574712644,7476
0,30,5,100,0.0033333333333333335,0.11666666666666667,9076
0,30,5,100,0.0033333333333333335,0.10632183908045977,11018
0,30,5,100,0.005555555555555556,0.09310344827586207,13375
0,30,5,100,0.005555555555555556,0.08160919540229886,16237
0,30,5,100,0.005555555555555556,0.07183908045977011,19712
0,30,5,100,0.005555555555555556,0.05632183908045977,23930
0,30,5,100,0.006666666666666667,0.045402298850574715,29050
0,30,5,100,0.006666666666666667,0.03908045977011494,35266
0,30,5,100,0.006666666666666667,0.03045977011494253,42813
0,30,5,100,0.0077777777777777776,0.022413793103448276,51974
0,30,5,100,0.006666666666666667,0.020114942528735632,63095
0,30,5,100,0.006666666666666667,0.01839080459770115,76596
0,30,5,100,0.006666666666666667,0.01839080459770115,92986
0,30,5,100,0.006666666666666667,0.017816091954022988,112883
0,30,5,100,0.008888888888888889,0.013218390804597701,137038
0,30,5,100,0.006666666666666667,0.017816091954022988,166361
0,30,5,100,0.006666666666666667,0.015517241379310345,201958
0,30,5,100,0.006666666666666667,0.020114942528735632,245173
0,30,5,100,0.0077777777777777776,0.016091954022988506,297635
0,30,5,100,0.008888888888888889,0.016666666666666666,361322
0,30,5,100,0.006666666666666667,0.013218390804597701,438637
0,30,5,100,0.01,0.013218390804597701,532495
0,30,5,100,0.006666666666666667,0.016091954022988506,646437
0,30,5,100,0.0077777777777777776,0.01896551724137931,784759
0,30,5,100,0.01,0.016666666666666666,952680
0,30,5,100,0.006666666666666667,0.017241379310344827,1156532
0,30,5,100,0.006666666666666667,0.013793103448275862,1404004
0,30,5,100,0.006666666666666667,0.016666666666666666,1704429
0,30,5,100,0.01,0.014942528735632184,2069138
0,30,5,100,0.006666666666666667,0.017241379310344827,2511886
0,30,5,100,0.01,0.017816091954022988,3049372
0,30,5,100,0.006666666666666667,0.015517241379310345,3701869
0,30,5,100,0.006666666666666667,0.016091954022988506,4493984
0,30,5,100,0.006666666666666667,0.016666666666666666,5455594
0,30,5,100,0.01,0.01206896551724138,6622967
0,30,5,100,0.01,0.013218390804597701,8040131
0,30,5,100,0.006666666666666667,0.014942528735632184,9760536
0,30,5,100,0.006666666666666667,0.01264367816091954,11849068
0,30,5,100,0.006666666666666667,0.016666666666666666,14384498
0,30,5,100,0.006666666666666667,0.01954022988505747,17462453
0,30,5,100,0.006666666666666667,0.016666666666666666,21199020
0,30,5,100,0.0077777777777777776,0.020114942528735632,25735127
0,30,5,100,0.006666666666666667,0.016666666666666666,31241857
0,30,5,100,0.006666666666666667,0.017241379310344827,37926901
0,30,5,100,0.006666666666666667,0.015517241379310345,46042393
0,30,5,100,0.01,0.014942528735632184,55894415
0,30,5,100,0.01,0.015517241379310345,67854545
0,30,5,100,0.006666666666666667,0.01896551724137931,82373870
0,30,5,200,0.0011111111111111111,0.09655172413793103,1
0,30,5,200,0.0011111111111111111,0.09655172413793103,2
0,30,5,200,0.0011111111111111111,0.09655172413793103,3
0,30,5,200,0.0011111111111111111,0.09655172413793103,4
0,30,5,200,0.0011111111111111111,0.09655172413793103,5
0,30,5,200,0.0011111111111111111,0.09655172413793103,6
0,30,5,200,0.0011111111111111111,0.09655172413793103,8
0,30,5,200,0.0011111111111111111,0.09655172413793103,10
0,30,5,200,0.0011111111111111111,0.09655172413793103,12
0,30,5,200,0.0011111111111111111,0.09655172413793103,15
0,30,5,200,0.0011111111111111111,0.09655172413793103,18
0,30,5,200,0.0011111111111111111,0.09655172413793103,22
0,30,5,200,0.0011111111111111111,0.09655172413793103,27
0,30,5,200,0.0011111111111111111,0.09655172413793103,32
0,30,5,200,0.0011111111111111111,0.09655172413793103,39
0,30,5,200,0.0011111111111111111,0.09655172413793103,48
0,30,5,200,0.0011111111111111111,0.09655172413793103,58
0,30,5,200,0.0011111111111111111,0.09655172413793103,71
0,30,5,200,0.0011111111111111111,0.09655172413793103,86
0,30,5,200,0.0011111111111111111,0.09655172413793103,104
0,30,5,200,0.0011111111111111111,0.09655172413793103,127
0,30,5,200,0.0011111111111111111,0.09655172413793103,154
0,30,5,200,0.0011111111111111111,0.09655172413793103,187
0,30,5,200,0.0011111111111111111,0.09655172413793103,227
0,30,5,200,0.0011111111111111111,0.09655172413793103,276
0,30,5,200,0.0011111111111111111,0.09597701149425288,335
0,30,5,200,0.0011111111111111111,0.09597701149425288,407
0,30,5,200,0.0011111111111111111,0.09597701149425288,495
0,30,5,200,0.0011111111111111111,0.09597701149425288,601
0,30,5,200,0.0011111111111111111,0.09597701149425288,729
0,30,5,200,0.0011111111111111111,0.09655172413793103,885
0,30,5,200,0.0011111111111111111,0.09597701149425288,1075
0,30,5,200,0.0011111111111111111,0.09597701149425288,1305
0,30,5,200,0.0011111111111111111,0.09540229885057472,1584
0,30,5,200,0.0011111111111111111,0.09540229885057472,1924
0,30,5,200,0.0022222222222222222,0.09597701149425288,2335
0,30,5,200,0.0022222222222222222,0.09367816091954023,2835
0,30,5,200,0.0022222222222222222,0.09367816091954023,3442
0,30,5,200,0.0022222222222222222,0.0925287356321839,4178
0,30,5,200,0.0022222222222222222,0.08908045977011494,5072
0,30,5,200,0.0022222222222222222,0.08850574712643679,6158
0,30,5,200,0.0022222222222222222,0.08620689655172414,7476
0,30,5,200,0.0033333333333333335,0.08103448275862069,9076
0,30,5,200,0.0033333333333333335,0.0735632183908046,11018
0,30,5,200,0.0033333333333333335,0.06436781609195402,13375
0,30,5,200,0.0033333333333333335,0.05459770114942529,16237
0,30,5,200,0.0033333333333333335,0.04770114942528736,19712
0,30,5,200,0.0044444444444444444,0.03908045977011494,23930
0,30,5,200,0.005555555555555556,0.028735632183908046,29050
0,30,5,200,0.006666666666666667,0.028735632183908046,35266
0,30,5,200,0.0077777777777777776,0.020114942528735632,42813
0,30,5,200,0.0077777777777777776,0.017241379310344827,51974
0,30,5,200,0.0077777777777777776,0.014942528735632184,63095
0,30,5,200,0.0077777777777777776,0.013793103448275862,76596
0,30,5,200,0.0077777777777777776,0.013793103448275862,92986
0,30,5,200,0.0077777777777777776,0.011494252873563218,112883
0,30,5,200,0.0077777777777777776,0.013218390804597701,137038
0,30,5,200,0.0077777777777777776,0.01206896551724138,166361
0,30,5,200,0.0077777777777777776,0.01264367816091954,201958
0,30,5,200,0.0077777777777777776,0.01206896551724138,245173
0,30,5,200,0.0077777777777777776,0.013218390804597701,297635
0,30,5,200,0.0077777777777777776,0.010344827586206896,361322
0,30,5,200,0.0077777777777777776,0.013793103448275862,438637
0,30,5,200,0.0077777777777777776,0.009195402298850575,532495
0,30,5,200,0.0077777777777777776,0.013218390804597701,646437
0,30,5,200,0.0077777777777777776,0.009770114942528735,784759
0,30,5,200,0.0077777777777777776,0.013793103448275862,952680
0,30,5,200,0.0077777777777777776,0.01264367816091954,1156532
0,30,5,200,0.0077777777777777776,0.014367816091954023,1404004
0,30,5,200,0.0077777777777777776,0.01206896551724138,1704429
0,30,5,200,0.0077777777777777776,0.009770114942528735,2069138
0,30,5,200,0.0077777777777777776,0.010919540229885057,2511886
0,30,5,200,0.0077777777777777776,0.01839080459770115,3049372
0,30,5,200,0.0077777777777777776,0.010919540229885057,3701869
0,30,5,200,0.0077777777777777776,0.01264367816091954,4493984
0,30,5,200,0.0077777777777777776,0.013793103448275862,5455594
0,30,5,200,0.0077777777777777776,0.013218390804597701,6622967
0,30,5,200,0.0077777777777777776,0.01206896551724138,8040131
0,30,5,200,0.0077777777777777776,0.013218390804597701,9760536
0,30,5,200,0.0077777777777777776,0.013218390804597701,11849068
0,30,5,200,0.0077777777777777776,0.01206896551724138,14384498
0,30,5,200,0.0077777777777777776,0.01264367816091954,17462453
0,30,5,200,0.0077777777777777776,0.016091954022988506,21199020
0,30,5,200,0.0077777777777777776,0.01264367816091954,25735127
0,30,5,200,0.0077777777777777776,0.01264367816091954,31241857
0,30,5,200,0.0077777777777777776,0.010919540229885057,37926901
0,30,5,200,0.0077777777777777776,0.013218390804597701,46042393
0,30,5,200,0.0077777777777777776,0.01264367816091954,55894415
0,30,5,200,0.0077777777777777776,0.013793103448275862,67854545
0,30,5,200,0.0077777777777777776,0.01264367816091954,82373870
0,30,5,300,0.0011111111111111111,0.08275862068965517,1
0,30,5,300,0.0011111111111111111,0.08275862068965517,2
0,30,5,300,0.0011111111111111111,0.08275862068965517,3
0,30,5,300,0.0011111111111111111,0.08275862068965517,4
0,30,5,300,0.0011111111111111111,0.08275862068965517,5
0,30,5,300,0.0011111111111111111,0.08275862068965517,6
0,30,5,300,0.0011111111111111111,0.08275862068965517,8
0,30,5,300,0.0011111111111111111,0.08275862068965517,10
0,30,5,300,0.0011111111111111111,0.08275862068965517,12
0,30,5,300,0.0011111111111111111,0.08275862068965517,15
0,30,5,300,0.0011111111111111111,0.08275862068965517,18
0,30,5,300,0.0011111111111111111,0.08275862068965517,22
0,30,5,300,0.0011111111111111111,0.08275862068965517,27
0,30,5,300,0.0011111111111111111,0.08275862068965517,32
0,30,5,300,0.0011111111111111111,0.08333333333333333,39
0,30,5,300,0.0011111111111111111,0.08333333333333333,48
0,30,5,300,0.0011111111111111111,0.08333333333333333,58
0,30,5,300,0.0011111111111111111,0.08333333333333333,71
0,30,5,300,0.0011111111111111111,0.08333333333333333,86
0,30,5,300,0.0011111111111111111,0.08333333333333333,104
0,30,5,300,0.0011111111111111111,0.08333333333333333,127
0,30,5,300,0.0011111111111111111,0.08333333333333333,154
0,30,5,300,0.0011111111111111111,0.08333333333333333,187
0,30,5,300,0.0011111111111111111,0.08333333333333333,227
0,30,5,300,0.0011111111111111111,0.08333333333333333,276
0,30,5,300,0.0011111111111111111,0.08333333333333333,335
0,30,5,300,0.0011111111111111111,0.08333333333333333,407
0,30,5,300,0.0011111111111111111,0.08333333333333333,495
0,30,5,300,0.0011111111111111111,0.08333333333333333,601
0,30,5,300,0.0011111111111111111,0.08333333333333333,729
0,30,5,300,0.0011111111111111111,0.08333333333333333,885
0,30,5,300,0.0011111111111111111,0.08333333333333333,1075
0,30,5,300,0.0011111111111111111,0.0839080459770115,1305
0,30,5,300,0.0011111111111111111,0.08333333333333333,1584
0,30,5,300,0.0011111111111111111,0.08275862068965517,1924
0,30,5,300,0.0011111111111111111,0.08275862068965517,2335
0,30,5,300,0.0022222222222222222,0.08160919540229886,2835
0,30,5,300,0.0022222222222222222,0.08045977011494253,3442
0,30,5,300,0.0022222222222222222,0.07988505747126437,4178
0,30,5,300,0.0022222222222222222,0.07701149425287357,5072
0,30,5,300,0.0022222222222222222,0.07298850574712644,6158
0,30,5,300,0.0022222222222222222,0.06896551724137931,7476
0,30,5,300,0.0022222222222222222,0.06609195402298851,9076
0,30,5,300,0.0033333333333333335,0.05862068965517241,11018
0,30,5,300,0.0033333333333333335,0.05172413793103448,13375
0,30,5,300,0.0033333333333333335,0.04655172413793104,16237
0,30,5,300,0.0033333333333333335,0.039655172413793106,19712
0,30,5,300,0.0033333333333333335,0.028160919540229885,23930
0,30,5,300,0.0033333333333333335,0.020114942528735632,29050
0,30,5,300,0.0033333333333333335,0.014942528735632184,35266
0,30,5,300,0.0044444444444444444,0.010919540229885057,42813
0,30,5,300,0.0044444444444444444,0.008045977011494253,51974
0,30,5,300,0.0044444444444444444,0.00632183908045977,63095
0,30,5,300,0.0044444444444444444,0.004597701149425287,76596
0,30,5,300,0.0044444444444444444,0.006896551724137931,92986
0,30,5,300,0.0044444444444444444,0.005172413793103448,112883
0,30,5,300,0.0044444444444444444,0.00632183908045977,137038
0,30,5,300,0.0044444444444444444,0.00632183908045977,166361
0,30,5,300,0.0044444444444444444,0.004597701149425287,201958
0,30,5,300,0.0044444444444444444,0.005172413793103448,245173
0,30,5,300,0.0044444444444444444,0.005172413793103448,297635
0,30,5,300,0.0044444444444444444,0.00632183908045977,361322
0,30,5,300,0.0044444444444444444,0.00632183908045977,438637
0,30,5,300,0.0044444444444444444,0.005747126436781609,532495
0,30,5,300,0.0044444444444444444,0.005172413793103448,646437
0,30,5,300,0.0044444444444444444,0.004597701149425287,784759
0,30,5,300,0.0044444444444444444,0.005172413793103448,952680
0,30,5,300,0.0044444444444444444,0.005172413793103448,1156532
0,30,5,300,0.0044444444444444444,0.00632183908045977,1404004
0,30,5,300,0.0044444444444444444,0.005172413793103448,1704429
0,30,5,300,0.0044444444444444444,0.00632183908045977,2069138
0,30,5,300,0.0044444444444444444,0.005747126436781609,2511886
0,30,5,300,0.0044444444444444444,0.006896551724137931,3049372
0,30,5,300,0.0044444444444444444,0.004597701149425287,3701869
0,30,5,300,0.0044444444444444444,0.00632183908045977,4493984
0,30,5,300,0.0044444444444444444,0.004022988505747126,5455594
0,30,5,300,0.0044444444444444444,0.005172413793103448,6622967
0,30,5,300,0.0044444444444444444,0.004597701149425287,8040131
0,30,5,300,0.0044444444444444444,0.005172413793103448,9760536
0,30,5,300,0.0044444444444444444,0.005172413793103448,11849068
0,30,5,300,0.0044444444444444444,0.005747126436781609,14384498
0,30,5,300,0.0044444444444444444,0.004597701149425287,17462453
0,30,5,300,0.0044444444444444444,0.004597701149425287,21199020
0,30,5,300,0.0044444444444444444,0.00632183908045977,25735127
0,30,5,300,0.0044444444444444444,0.005747126436781609,31241857
0,30,5,300,0.0044444444444444444,0.005747126436781609,37926901
0,30,5,300,0.0044444444444444444,0.005747126436781609,46042393
0,30,5,300,0.0044444444444444444,0.004597701149425287,55894415
0,30,5,300,0.0044444444444444444,0.005172413793103448,67854545
0,30,5,300,0.0044444444444444444,0.00632183908045977,82373870
0,30,5,500,0.0011111111111111111,0.06091954022988506,1
0,30,5,500,0.0011111111111111111,0.06091954022988506,2
0,30,5,500,0.0011111111111111111,0.06091954022988506,3
0,30,5,500,0.0011111111111111111,0.06091954022988506,4
0,30,5,500,0.0011111111111111111,0.06091954022988506,5
0,30,5,500,0.0011111111111111111,0.06091954022988506,6
0,30,5,500,0.0011111111111111111,0.06091954022988506,8
0,30,5,500,0.0011111111111111111,0.06091954022988506,10
0,30,5,500,0.0011111111111111111,0.06091954022988506,12
0,30,5,500,0.0011111111111111111,0.06091954022988506,15
0,30,5,500,0.0011111111111111111,0.06091954022988506,18
0,30,5,500,0.0011111111111111111,0.06091954022988506,22
0,30,5,500,0.0011111111111111111,0.06091954022988506,27
0,30,5,500,0.0011111111111111111,0.06091954022988506,32
0,30,5,500,0.0011111111111111111,0.06091954022988506,39
0,30,5,500,0.0011111111111111111,0.06091954022988506,48
0,30,5,500,0.0011111111111111111,0.06091954022988506,58
0,30,5,500,0.0011111111111111111,0.06091954022988506,71
0,30,5,500,0.0011111111111111111,0.06091954022988506,86
0,30,5,500,0.0011111111111111111,0.06091954022988506,104
0,30,5,500,0.0011111111111111111,0.06091954022988506,127
0,30,5,500,0.0011111111111111111,0.06091954022988506,154
0,30,5,500,0.0011111111111111111,0.06091954022988506,187
0,30,5,500,0.0011111111111111111,0.06091954022988506,227
0,30,5,500,0.0011111111111111111,0.06091954022988506,276
0,30,5,500,0.0011111111111111111,0.06091954022988506,335
0,30,5,500,0.0011111111111111111,0.06091954022988506,407
0,30,5,500,0.0011111111111111111,0.06091954022988506,495
0,30,5,500,0.0011111111111111111,0.06091954022988506,601
0,30,5,500,0.0011111111111111111,0.06091954022988506,729
0,30,5,500,0.0011111111111111111,0.06091954022988506,885
0,30,5,500,0.0011111111111111111,0.06091954022988506,1075
0,30,5,500,0.0011111111111111111,0.06091954022988506,1305
0,30,5,500,0.0011111111111111111,0.06149425287356322,1584
0,30,5,500,0.0011111111111111111,0.06149425287356322,1924
0,30,5,500,0.0011111111111111111,0.06206896551724138,2335
0,30,5,500,0.0011111111111111111,0.06206896551724138,2835
0,30,5,500,0.0022222222222222222,0.0603448275862069,3442
0,30,5,500,0.0022222222222222222,0.0603448275862069,4178
0,30,5,500,0.0022222222222222222,0.059770114942528735,5072
0,30,5,500,0.0022222222222222222,0.05747126436781609,6158
0,30,5,500,0.0022222222222222222,0.05574712643678161,7476
0,30,5,500,0.0022222222222222222,0.05172413793103448,9076
0,30,5,500,0.0022222222222222222,0.04827586206896552,11018
0,30,5,500,0.0022222222222222222,0.04310344827586207,13375
0,30,5,500,0.0033333333333333335,0.0339080459770115,16237
0,30,5,500,0.0033333333333333335,0.02528735632183908,19712
0,30,5,500,0.0033333333333333335,0.016666666666666666,23930
0,30,5,500,0.0033333333333333335,0.013793103448275862,29050
0,30,5,500,0.0033333333333333335,0.011494252873563218,35266
0,30,5,500,0.0044444444444444444,0.005747126436781609,42813
0,30,5,500,0.0044444444444444444,0.006896551724137931,51974
0,30,5,500,0.0033333333333333335,0.007471264367816092,63095
0,30,5,500,0.0033333333333333335,0.00632183908045977,76596
0,30,5,500,0.0044444444444444444,0.004597701149425287,92986
0,30,5,500,0.0044444444444444444,0.004597701149425287,112883
0,30,5,500,0.0044444444444444444,0.005172413793103448,137038
0,30,5,500,0.0044444444444444444,0.004597701149425287,166361
0,30,5,500,0.0044444444444444444,0.004597701149425287,201958
0,30,5,500,0.0044444444444444444,0.004597701149425287,245173
0,30,5,500,0.0044444444444444444,0.004022988505747126,297635
0,30,5,500,0.0044444444444444444,0.007471264367816092,361322
0,30,5,500,0.0044444444444444444,0.005172413793103448,438637
0,30,5,500,0.0044444444444444444,0.005172413793103448,532495
0,30,5,500,0.0044444444444444444,0.005172413793103448,646437
0,30,5,500,0.0044444444444444444,0.004597701149425287,784759
0,30,5,500,0.0044444444444444444,0.005172413793103448,952680
0,30,5,500,0.0044444444444444444,0.005747126436781609,1156532
0,30,5,500,0.0044444444444444444,0.008045977011494253,1404004
0,30,5,500,0.0044444444444444444,0.00632183908045977,1704429
0,30,5,500,0.0044444444444444444,0.004597701149425287,2069138
0,30,5,500,0.0044444444444444444,0.005747126436781609,2511886
0,30,5,500,0.0044444444444444444,0.005172413793103448,3049372
0,30,5,500,0.0044444444444444444,0.005172413793103448,3701869
0,30,5,500,0.0044444444444444444,0.005172413793103448,4493984
0,30,5,500,0.0044444444444444444,0.004597701149425287,5455594
0,30,5,500,0.0044444444444444444,0.005172413793103448,6622967
0,30,5,500,0.0044444444444444444,0.005172413793103448,8040131
0,30,5,500,0.0044444444444444444,0.005172413793103448,9760536
0,30,5,500,0.0044444444444444444,0.004597701149425287,11849068
0,30,5,500,0.0044444444444444444,0.004597701149425287,14384498
0,30,5,500,0.0044444444444444444,0.004597701149425287,17462453
0,30,5,500,0.0044444444444444444,0.005747126436781609,21199020
0,30,5,500,0.0044444444444444444,0.005172413793103448,25735127
0,30,5,500,0.0044444444444444444,0.005747126436781609,31241857
0,30,5,500,0.0044444444444444444,0.005747126436781609,37926901
0,30,5,500,0.0044444444444444444,0.004597701149425287,46042393
0,30,5,500,0.0044444444444444444,0.00632183908045977,55894415
0,30,5,500,0.0044444444444444444,0.004597701149425287,67854545
0,30,5,500,0.0044444444444444444,0.006896551724137931,82373870
0,30,10,1,0.0011111111111111111,0.9718390804597701,1
0,30,10,1,0.0011111111111111111,0.9718390804597701,2
0,30,10,1,0.0011111111111111111,0.9718390804597701,3
0,30,10,1,0.0011111111111111111,0.9718390804597701,4
0,30,10,1,0.0011111111111111111,0.9718390804597701,5
0,30,10,1,0.0011111111111111111,0.9718390804597701,6
0,30,10,1,0.0011111111111111111,0.9718390804597701,8
0,30,10,1,0.0011111111111111111,0.9718390804597701,10
0,30,10,1,0.0011111111111111111,0.9718390804597701,12
0,30,10,1,0.0011111111111111111,0.9718390804597701,15
0,30,10,1,0.0011111111111111111,0.9718390804597701,18
0,30,10,1,0.0011111111111111111,0.9718390804597701,22
0,30,10,1,0.0011111111111111111,0.9718390804597701,27
0,30,10,1,0.0011111111111111111,0.9718390804597701,32
0,30,10,1,0.0011111111111111111,0.9718390804597701,39
0,30,10,1,0.0011111111111111111,0.9718390804597701,48
0,30,10,1,0.0011111111111111111,0.9718390804597701,58
0,30,10,1,0.0011111111111111111,0.9718390804597701,71
0,30,10,1,0.0011111111111111111,0.9718390804597701,86
0,30,10,1,0.0011111111111111111,0.9718390804597701,104
0,30,10,1,0.0011111111111111111,0.9729885057471265,127
0,30,10,1,0.0011111111111111111,0.9729885057471265,154
0,30,10,1,0.0011111111111111111,0.9735632183908046,187
0,30,10,1,0.0011111111111111111,0.9735632183908046,227
0,30,10,1,0.0011111111111111111,0.9735632183908046,276
0,30,10,1,0.0011111111111111111,0.9729885057471265,335
0,30,10,1,0.0011111111111111111,0.9718390804597701,407
0,30,10,1,0.0011111111111111111,0.9706896551724138,495
0,30,10,1,0.0011111111111111111,0.9701149425287356,601
0,30,10,1,0.0022222222222222222,0.9701149425287356,729
0,30,10,1,0.0022222222222222222,0.9689655172413794,885
0,30,10,1,0.0022222222222222222,0.9701149425287356,1075
0,30,10,1,0.0022222222222222222,0.9718390804597701,1305
0,30,10,1,0.0022222222222222222,0.9706896551724138,1584
0,30,10,1,0.0022222222222222222,0.9718390804597701,1924
0,30,10,1,0.0022222222222222222,0.975287356321839,2335
0,30,10,1,0.0022222222222222222,0.975287356321839,2835
0,30,10,1,0.0022222222222222222,0.9729885057471265,3442
0,30,10,1,0.0022222222222222222,0.9712643678160919,4178
0,30,10,1,0.0022222222222222222,0.9672413793103448,5072
0,30,10,1,0.0022222222222222222,0.967816091954023,6158
0,30,10,1,0.0033333333333333335,0.9655172413793104,7476
0,30,10,1,0.0033333333333333335,0.9597701149425287,9076
0,30,10,1,0.0044444444444444444,0.9494252873563218,11018
0,30,10,1,0.0044444444444444444,0.9436781609195403,13375
0,30,10,1,0.0033333333333333335,0.9431034482758621,16237
0,30,10,1,0.0033333333333333335,0.9344827586206896,19712
0,30,10,1,0.0044444444444444444,0.9235632183908046,23930
0,30,10,1,0.0077777777777777776,0.9229885057471264,29050
0,30,10,1,0.006666666666666667,0.9057471264367816,35266
0,30,10,1,0.008888888888888889,0.8936781609195402,42813
0,30,10,1,0.012222222222222223,0.8706896551724138,51974
0,30,10,1,0.014444444444444444,0.8459770114942529,63095
0,30,10,1,0.023333333333333334,0.8298850574712644,76596
0,30,10,1,0.043333333333333335,0.8051724137931034,92986
0,30,10,1,0.10555555555555556,0.6936781609195403,112883
0,30,10,1,0.18777777777777777,0.5655172413793104,137038
0,30,10,1,0.3211111111111111,0.39080459770114945,166361
0,30,10,1,0.4088888888888889,0.2637931034482759,201958
0,30,10,1,0.46111111111111114,0.19310344827586207,245173
0,30,10,1,0.47,0.13505747126436782,297635
0,30,10,1,0.48777777777777775,0.10229885057471265,361322
0,30,10,1,0.4766666666666667,0.09770114942528736,438637
0,30,10,1,0.5,0.0867816091954023,532495
0,30,10,1,0.5422222222222223,0.07816091954022988,646437
0,30,10,1,0.48777777777777775,0.10517241379310345,784759
0,30,10,1,0.4677777777777778,0.12241379310344827,952680
0,30,10,1,0.5088888888888888,0.08793103448275862,1156532
0,30,10,1,0.5211111111111111,0.09195402298850575,1404004
0,30,10,1,0.5155555555555555,0.08333333333333333,1704429
0,30,10,1,0.49777777777777776,0.10402298850574712,2069138
0,30,10,1,0.47,0.11781609195402298,2511886
0,30,10,1,0.5722222222222222,0.04310344827586207,3049372
0,30,10,1,0.5122222222222222,0.08620689655172414,3701869
0,30,10,1,0.4955555555555556,0.10459770114942529,4493984
0,30,10,1,0.5288888888888889,0.08045977011494253,5455594
0,30,10,1,0.51,0.09482758620689655,6622967
0,30,10,1,0.5333333333333333,0.07586206896551724,8040131
0,30,10,1,0.5066666666666667,0.0839080459770115,9760536
0,30,10,1,0.4677777777777778,0.11379310344827587,11849068
0,30,10,1,0.43444444444444447,0.12126436781609196,14384498
0,30,10,1,0.45111111111111113,0.12586206896551724,17462453
0,30,10,1,0.4577777777777778,0.12528735632183907,21199020
0,30,10,1,0.43777777777777777,0.12701149425287356,25735127
0,30,10,1,0.4722222222222222,0.11149425287356322,31241857
0,30,10,1,0.44333333333333336,0.1206896551724138,37926901
0,30,10,1,0.5077777777777778,0.09195402298850575,46042393
0,30,10,1,0.5111111111111111,0.0839080459770115,55894415
0,30,10,1,0.5066666666666667,0.08160919540229886,67854545
0,30,10,1,0.44,0.1425287356321839,82373870
0,30,10,10,0.0011111111111111111,0.6149425287356322,1
0,30,10,10,0.0011111111111111111,0.6149425287356322,2
0,30,10,10,0.0011111111111111111,0.6149425287356322,3
0,30,10,10,0.0011111111111111111,0.6149425287356322,4
0,30,10,10,0.0011111111111111111,0.6149425287356322,5
0,30,10,10,0.0011111111111111111,0.6149425287356322,6
0,30,10,10,0.0011111111111111111,0.6155172413793103,8
0,30,10,10,0.0011111111111111111,0.6155172413793103,10
0,30,10,10,0.0011111111111111111,0.6155172413793103,12
0,30,10,10,0.0011111111111111111,0.6155172413793103,15
0,30,10,10,0.0011111111111111111,0.6155172413793103,18
0,30,10,10,0.0011111111111111111,0.6155172413793103,22
0,30,10,10,0.0011111111111111111,0.6155172413793103,27
0,30,10,10,0.0011111111111111111,0.6155172413793103,32
0,30,10,10,0.0011111111111111111,0.6155172413793103,39
0,30,10,10,0.0011111111111111111,0.6155172413793103,48
0,30,10,10,0.0011111111111111111,0.6155172413793103,58
0,30,10,10,0.0011111111111111111,0.6155172413793103,71
0,30,10,10,0.0011111111111111111,0.6155172413793103,86
0,30,10,10,0.0011111111111111111,0.6155172413793103,104
0,30,10,10,0.0011111111111111111,0.6155172413793103,127
0,30,10,10,0.0011111111111111111,0.6149425287356322,154
0,30,10,10,0.0011111111111111111,0.6155172413793103,187
0,30,10,10,0.0011111111111111111,0.6160919540229886,227
0,30,10,10,0.0011111111111111111,0.6166666666666667,276
0,30,10,10,0.0011111111111111111,0.6166666666666667,335
0,30,10,10,0.0011111111111111111,0.6160919540229886,407
0,30,10,10,0.0011111111111111111,0.6160919540229886,495
0,30,10,10,0.0011111111111111111,0.6149425287356322,601
0,30,10,10,0.0011111111111111111,0.6137931034482759,729
0,30,10,10,0.0011111111111111111,0.6155172413793103,885
0,30,10,10,0.0011111111111111111,0.6149425287356322,1075
0,30,10,10,0.0011111111111111111,0.6126436781609196,1305
0,30,10,10,0.0011111111111111111,0.6126436781609196,1584
0,30,10,10,0.0011111111111111111,0.6149425287356322,1924
0,30,10,10,0.0011111111111111111,0.6132183908045977,2335
0,30,10,10,0.0011111111111111111,0.6132183908045977,2835
0,30,10,10,0.0011111111111111111,0.6132183908045977,3442
0,30,10,10,0.0011111111111111111,0.614367816091954,4178
0,30,10,10,0.0011111111111111111,0.6155172413793103,5072
0,30,10,10,0.0022222222222222222,0.6206896551724138,6158
0,30,10,10,0.0022222222222222222,0.6195402298850575,7476
0,30,10,10,0.0022222222222222222,0.6218390804597701,9076
0,30,10,10,0.0022222222222222222,0.6247126436781609,11018
0,30,10,10,0.0022222222222222222,0.6206896551724138,13375
0,30,10,10,0.0022222222222222222,0.6281609195402299,16237
0,30,10,10,0.0033333333333333335,0.6264367816091954,19712
0,30,10,10,0.0033333333333333335,0.6224137931034482,23930
0,30,10,10,0.0033333333333333335,0.6396551724137931,29050
0,30,10,10,0.005555555555555556,0.6448275862068965,35266
0,30,10,10,0.005555555555555556,0.6402298850574712,42813
0,30,10,10,0.006666666666666667,0.6298850574712643,51974
0,30,10,10,0.0077777777777777776,0.621264367816092,63095
0,30,10,10,0.01,0.6120689655172413,76596
0,30,10,10,0.01888888888888889,0.6218390804597701,92986
0,30,10,10,0.01888888888888889,0.6367816091954023,112883
0,30,10,10,0.034444444444444444,0.6206896551724138,137038
0,30,10,10,0.09444444444444444,0.5816091954022988,166361
0,30,10,10,0.19444444444444445,0.5551724137931034,201958
0,30,10,10,0.33444444444444443,0.4436781609195402,245173
0,30,10,10,0.6233333333333333,0.22241379310344828,297635
0,30,10,10,0.7666666666666667,0.08505747126436781,361322
0,30,10,10,0.7733333333333333,0.07298850574712644,438637
0,30,10,10,0.7988888888888889,0.06724137931034482,532495
0,30,10,10,0.8511111111111112,0.022988505747126436,646437
0,30,10,10,0.8244444444444444,0.03793103448275862,784759
0,30,10,10,0.8522222222222222,0.021839080459770115,952680
0,30,10,10,0.8633333333333333,0.01206896551724138,1156532
0,30,10,10,0.8122222222222222,0.05574712643678161,1404004
0,30,10,10,0.8288888888888889,0.038505747126436785,1704429
0,30,10,10,0.7877777777777778,0.0735632183908046,2069138
0,30,10,10,0.8711111111111111,0.010919540229885057,2511886
0,30,10,10,0.7966666666666666,0.07586206896551724,3049372
0,30,10,10,0.8577777777777778,0.027011494252873563,3701869
0,30,10,10,0.86,0.01206896551724138,4493984
0,30,10,10,0.7755555555555556,0.09310344827586207,5455594
0,30,10,10,0.8266666666666667,0.04080459770114943,6622967
0,30,10,10,0.8244444444444444,0.05344827586206897,8040131
0,30,10,10,0.82,0.04597701149425287,9760536
0,30,10,10,0.7888888888888889,0.05862068965517241,11849068
0,30,10,10,0.78,0.07183908045977011,14384498
0,30,10,10,0.7866666666666666,0.0603448275862069,17462453
0,30,10,10,0.7977777777777778,0.05632183908045977,21199020
0,30,10,10,0.8644444444444445,0.011494252873563218,25735127
0,30,10,10,0.8666666666666667,0.014367816091954023,31241857
0,30,10,10,0.8366666666666667,0.03333333333333333,37926901
0,30,10,10,0.8055555555555556,0.05862068965517241,46042393
0,30,10,10,0.8077777777777778,0.047126436781609195,55894415
0,30,10,10,0.8,0.05574712643678161,67854545
0,30,10,10,0.84,0.027586206896551724,82373870
0,30,10,100,0.0011111111111111111,0.25114942528735634,1
0,30,10,100,0.0011111111111111111,0.25114942528735634,2
0,30,10,100,0.0011111111111111111,0.25114942528735634,3
0,30,10,100,0.0011111111111111111,0.25114942528735634,4
0,30,10,100,0.0011111111111111111,0.25114942528735634,5
0,30,10,100,0.0011111111111111111,0.25114942528735634,6
0,30,10,100,0.0011111111111111111,0.25114942528735634,8
0,30,10,100,0.0011111111111111111,0.25114942528735634,10
0,30,10,100,0.0011111111111111111,0.25114942528735634,12
0,30,10,100,0.0011111111111111111,0.25114942528735634,15
0,30,10,100,0.0011111111111111111,0.25057471264367814,18
0,30,10,100,0.0011111111111111111,0.25057471264367814,22
0,30,10,100,0.0011111111111111111,0.25057471264367814,27
0,30,10,100,0.0011111111111111111,0.25057471264367814,32
0,30,10,100,0.0011111111111111111,0.25057471264367814,39
0,30,10,100,0.0011111111111111111,0.25057471264367814,48
0,30,10,100,0.0011111111111111111,0.25057471264367814,58
0,30,10,100,0.0011111111111111111,0.25057471264367814,71
0,30,10,100,0.0011111111111111111,0.25057471264367814,86
0,30,10,100,0.0011111111111111111,0.25057471264367814,104
0,30,10,100,0.0011111111111111111,0.25057471264367814,127
0,30,10,100,0.0011111111111111111,0.25057471264367814,154
0,30,10,100,0.0011111111111111111,0.25057471264367814,187
0,30,10,100,0.0011111111111111111,0.25057471264367814,227
0,30,10,100,0.0011111111111111111,0.25057471264367814,276
0,30,10,100,0.0011111111111111111,0.25,335
0,30,10,100,0.0011111111111111111,0.25,407
0,30,10,100,0.0011111111111111111,0.25057471264367814,495
0,30,10,100,0.0011111111111111111,0.2517241379310345,601
0,30,10,100,0.0011111111111111111,0.25229885057471263,729
0,30,10,100,0.0011111111111111111,0.25229885057471263,885
0,30,10,100,0.0011111111111111111,0.25229885057471263,1075
0,30,10,100,0.0011111111111111111,0.25287356321839083,1305
0,30,10,100,0.0011111111111111111,0.25287356321839083,1584
0,30,10,100,0.0011111111111111111,0.253448275862069,1924
0,30,10,100,0.0011111111111111111,0.253448275862069,2335
0,30,10,100,0.0011111111111111111,0.25287356321839083,2835
0,30,10,100,0.0011111111111111111,0.25287356321839083,3442
0,30,10,100,0.0011111111111111111,0.25229885057471263,4178
0,30,10,100,0.0011111111111111111,0.2545977011494253,5072
0,30,10,100,0.0011111111111111111,0.25517241379310346,6158
0,30,10,100,0.0011111111111111111,0.2540229885057471,7476
0,30,10,100,0.0011111111111111111,0.2540229885057471,9076
0,30,10,100,0.0011111111111111111,0.25287356321839083,11018
0,30,10,100,0.0022222222222222222,0.2540229885057471,13375
0,30,10,100,0.0022222222222222222,0.2540229885057471,16237
0,30,10,100,0.0022222222222222222,0.24942528735632183,19712
0,30,10,100,0.0022222222222222222,0.23793103448275862,23930
0,30,10,100,0.0033333333333333335,0.23275862068965517,29050
0,30,10,100,0.0033333333333333335,0.22413793103448276,35266
0,30,10,100,0.0044444444444444444,0.20517241379310344,42813
0,30,10,100,0.005555555555555556,0.17701149425287357,51974
0,30,10,100,0.008888888888888889,0.14885057471264368,63095
0,30,10,100,0.008888888888888889,0.11666666666666667,76596
0,30,10,100,0.01,0.10057471264367816,92986
0,30,10,100,0.012222222222222223,0.08620689655172414,112883
0,30,10,100,0.014444444444444444,0.06896551724137931,137038
0,30,10,100,0.015555555555555555,0.06494252873563218,166361
0,30,10,100,0.016666666666666666,0.05747126436781609,201958
0,30,10,100,0.016666666666666666,0.06264367816091954,245173
0,30,10,100,0.021111111111111112,0.06494252873563218,297635
0,30,10,100,0.024444444444444446,0.067816091954023,361322
0,30,10,100,0.022222222222222223,0.07586206896551724,438637
0,30,10,100,0.025555555555555557,0.07701149425287357,532495
0,30,10,100,0.028888888888888888,0.08045977011494253,646437
0,30,10,100,0.024444444444444446,0.0764367816091954,784759
0,30,10,100,0.035555555555555556,0.06609195402298851,952680
0,30,10,100,0.027777777777777776,0.07931034482758621,1156532
0,30,10,100,0.04,0.054022988505747126,1404004
0,30,10,100,0.04777777777777778,0.06379310344827586,1704429
0,30,10,100,0.04111111111111111,0.04770114942528736,2069138
0,30,10,100,0.03666666666666667,0.06839080459770115,2511886
0,30,10,100,0.03666666666666667,0.0925287356321839,3049372
0,30,10,100,0.044444444444444446,0.07758620689655173,3701869
0,30,10,100,0.051111111111111114,0.06206896551724138,4493984
0,30,10,100,0.04666666666666667,0.05344827586206897,5455594
0,30,10,100,0.04888888888888889,0.0706896551724138,6622967
0,30,10,100,0.05333333333333334,0.05747126436781609,8040131
0,30,10,100,0.05333333333333334,0.06091954022988506,9760536
0,30,10,100,0.05333333333333334,0.06494252873563218,11849068
0,30,10,100,0.052222222222222225,0.06609195402298851,14384498
0,30,10,100,0.04888888888888889,0.07413793103448275,17462453
0,30,10,100,0.04,0.06839080459770115,21199020
0,30,10,100,0.08,0.05057471264367816,25735127
0,30,10,100,0.07222222222222222,0.0925287356321839,31241857
0,30,10,100,0.06444444444444444,0.1425287356321839,37926901
0,30,10,100,0.06222222222222222,0.20057471264367815,46042393
0,30,10,100,0.16777777777777778,0.04885057471264368,55894415
0,30,10,100,0.20444444444444446,0.09597701149425288,67854545
0,30,10,100,0.25333333333333335,0.0603448275862069,82373870
0,30,10,200,0.0011111111111111111,0.17413793103448275,1
0,30,10,200,0.0011111111111111111,0.17413793103448275,2
0,30,10,200,0.0011111111111111111,0.17413793103448275,3
0,30,10,200,0.0011111111111111111,0.17413793103448275,4
0,30,10,200,0.0011111111111111111,0.17413793103448275,5
0,30,10,200,0.0011111111111111111,0.17413793103448275,6
0,30,10,200,0.0011111111111111111,0.17413793103448275,8
0,30,10,200,0.0011111111111111111,0.17413793103448275,10
0,30,10,200,0.0011111111111111111,0.17413793103448275,12
0,30,10,200,0.0011111111111111111,0.17413793103448275,15
0,30,10,200,0.0011111111111111111,0.17413793103448275,18
0,30,10,200,0.0011111111111111111,0.17413793103448275,22
0,30,10,200,0.0011111111111111111,0.17413793103448275,27
0,30,10,200,0.0011111111111111111,0.17413793103448275,32
0,30,10,200,0.0011111111111111111,0.17413793103448275,39
0,30,10,200,0.0011111111111111111,0.17413793103448275,48
0,30,10,200,0.0011111111111111111,0.17413793103448275,58
0,30,10,200,0.0011111111111111111,0.17413793103448275,71
0,30,10,200,0.0011111111111111111,0.17413793103448275,86
0,30,10,200,0.0011111111111111111,0.17413793103448275,104
0,30,10,200,0.0011111111111111111,0.17413793103448275,127
0,30,10,200,0.0011111111111111111,0.17413793103448275,154
0,30,10,200,0.0011111111111111111,0.17413793103448275,187
0,30,10,200,0.0011111111111111111,0.17413793103448275,227
0,30,10,200,0.0011111111111111111,0.17413793103448275,276
0,30,10,200,0.0011111111111111111,0.17413793103448275,335
0,30,10,200,0.0011111111111111111,0.17413793103448275,407
0,30,10,200,0.0011111111111111111,0.17413793103448275,495
0,30,10,200,0.0011111111111111111,0.17413793103448275,601
0,30,10,200,0.0011111111111111111,0.17413793103448275,729
0,30,10,200,0.0011111111111111111,0.1735632183908046,885
0,30,10,200,0.0011111111111111111,0.1735632183908046,1075
0,30,10,200,0.0011111111111111111,0.17298850574712643,1305
0,30,10,200,0.0011111111111111111,0.17298850574712643,1584
0,30,10,200,0.0011111111111111111,0.17298850574712643,1924
0,30,10,200,0.0011111111111111111,0.17298850574712643,2335
0,30,10,200,0.0011111111111111111,0.1735632183908046,2835
0,30,10,200,0.0011111111111111111,0.17298850574712643,3442
0,30,10,200,0.0011111111111111111,0.1724137931034483,4178
0,30,10,200,0.0011111111111111111,0.17298850574712643,5072
0,30,10,200,0.0011111111111111111,0.1735632183908046,6158
0,30,10,200,0.0011111111111111111,0.17413793103448275,7476
0,30,10,200,0.0022222222222222222,0.17298850574712643,9076
0,30,10,200,0.0022222222222222222,0.1752873563218391,11018
0,30,10,200,0.0022222222222222222,0.17413793103448275,13375
0,30,10,200,0.0022222222222222222,0.17126436781609194,16237
0,30,10,200,0.0022222222222222222,0.16839080459770114,19712
0,30,10,200,0.0022222222222222222,0.16494252873563217,23930
0,30,10,200,0.0033333333333333335,0.15919540229885057,29050
0,30,10,200,0.0033333333333333335,0.1482758620689655,35266
0,30,10,200,0.0044444444444444444,0.12873563218390804,42813
0,30,10,200,0.0044444444444444444,0.11494252873563218,51974
0,30,10,200,0.005555555555555556,0.0925287356321839,63095
0,30,10,200,0.005555555555555556,0.06264367816091954,76596
0,30,10,200,0.006666666666666667,0.051149425287356325,92986
0,30,10,200,0.006666666666666667,0.03793103448275862,112883
0,30,10,200,0.0077777777777777776,0.029885057471264367,137038
0,30,10,200,0.008888888888888889,0.02471264367816092,166361
0,30,10,200,0.008888888888888889,0.022413793103448276,201958
0,30,10,200,0.008888888888888889,0.022413793103448276,245173
0,30,10,200,0.01,0.02413793103448276,297635
0,30,10,200,0.01,0.02586206896551724,361322
0,30,10,200,0.01,0.027586206896551724,438637
0,30,10,200,0.01,0.02471264367816092,532495
0,30,10,200,0.011111111111111112,0.028735632183908046,646437
0,30,10,200,0.011111111111111112,0.027011494252873563,784759
0,30,10,200,0.011111111111111112,0.03218390804597701,952680
0,30,10,200,0.011111111111111112,0.02413793103448276,1156532
0,30,10,200,0.01,0.029310344827586206,1404004
0,30,10,200,0.008888888888888889,0.028735632183908046,1704429
0,30,10,200,0.01,0.029885057471264367,2069138
0,30,10,200,0.013333333333333334,0.029885057471264367,2511886
0,30,10,200,0.011111111111111112,0.026436781609195402,3049372
0,30,10,200,0.013333333333333334,0.02413793103448276,3701869
0,30,10,200,0.012222222222222223,0.03103448275862069,4493984
0,30,10,200,0.021111111111111112,0.020689655172413793,5455594
0,30,10,200,0.012222222222222223,0.02471264367816092,6622967
0,30,10,200,0.012222222222222223,0.035632183908045977,8040131
0,30,10,200,0.02,0.028735632183908046,9760536
0,30,10,200,0.021111111111111112,0.022988505747126436,11849068
0,30,10,200,0.02,0.029885057471264367,14384498
0,30,10,200,0.02666666666666667,0.031609195402298854,17462453
0,30,10,200,0.012222222222222223,0.032758620689655175,21199020
0,30,10,200,0.01888888888888889,0.035632183908045977,25735127
0,30,10,200,0.02,0.027011494252873563,31241857
0,30,10,200,0.013333333333333334,0.03620689655172414,37926901
0,30,10,200,0.015555555555555555,0.03620689655172414,46042393
0,30,10,200,0.017777777777777778,0.029885057471264367,55894415
0,30,10,200,0.017777777777777778,0.0367816091954023,67854545
0,30,10,200,0.015555555555555555,0.034482758620689655,82373870
0,30,10,300,0.0011111111111111111,0.1528735632183908,1
0,30,10,300,0.0011111111111111111,0.1528735632183908,2
0,30,10,300,0.0011111111111111111,0.1528735632183908,3
0,30,10,300,0.0011111111111111111,0.1528735632183908,4
0,30,10,300,0.0011111111111111111,0.1528735632183908,5
0,30,10,300,0.0011111111111111111,0.1528735632183908,6
0,30,10,300,0.0011111111111111111,0.1528735632183908,8
0,30,10,300,0.0011111111111111111,0.1528735632183908,10
0,30,10,300,0.0011111111111111111,0.1528735632183908,12
0,30,10,300,0.0011111111111111111,0.1528735632183908,15
0,30,10,300,0.0011111111111111111,0.1528735632183908,18
0,30,10,300,0.0011111111111111111,0.1528735632183908,22
0,30,10,300,0.0011111111111111111,0.1528735632183908,27
0,30,10,300,0.0011111111111111111,0.1528735632183908,32
0,30,10,300,0.0011111111111111111,0.1528735632183908,39
0,30,10,300,0.0011111111111111111,0.1528735632183908,48
0,30,10,300,0.0011111111111111111,0.1528735632183908,58
0,30,10,300,0.0011111111111111111,0.1528735632183908,71
0,30,10,300,0.0011111111111111111,0.1528735632183908,86
0,30,10,300,0.0011111111111111111,0.1528735632183908,104
0,30,10,300,0.0011111111111111111,0.1528735632183908,127
0,30,10,300,0.0011111111111111111,0.1528735632183908,154
0,30,10,300,0.0011111111111111111,0.1528735632183908,187
0,30,10,300,0.0011111111111111111,0.1528735632183908,227
0,30,10,300,0.0011111111111111111,0.1528735632183908,276
0,30,10,300,0.0011111111111111111,0.1528735632183908,335
0,30,10,300,0.0011111111111111111,0.1528735632183908,407
0,30,10,300,0.0011111111111111111,0.1528735632183908,495
0,30,10,300,0.0011111111111111111,0.1528735632183908,601
0,30,10,300,0.0011111111111111111,0.1528735632183908,729
0,30,10,300,0.0011111111111111111,0.15229885057471265,885
0,30,10,300,0.0011111111111111111,0.15229885057471265,1075
0,30,10,300,0.0011111111111111111,0.15229885057471265,1305
0,30,10,300,0.0011111111111111111,0.1528735632183908,1584
0,30,10,300,0.0011111111111111111,0.1528735632183908,1924
0,30,10,300,0.0011111111111111111,0.1528735632183908,2335
0,30,10,300,0.0011111111111111111,0.15229885057471265,2835
0,30,10,300,0.0011111111111111111,0.15344827586206897,3442
0,30,10,300,0.0011111111111111111,0.15402298850574714,4178
0,30,10,300,0.0011111111111111111,0.15402298850574714,5072
0,30,10,300,0.0011111111111111111,0.15517241379310345,6158
0,30,10,300,0.0011111111111111111,0.15517241379310345,7476
0,30,10,300,0.0011111111111111111,0.1557471264367816,9076
0,30,10,300,0.0011111111111111111,0.15517241379310345,11018
0,30,10,300,0.0022222222222222222,0.15229885057471265,13375
0,30,10,300,0.0022222222222222222,0.15229885057471265,16237
0,30,10,300,0.0022222222222222222,0.15344827586206897,19712
0,30,10,300,0.0022222222222222222,0.15057471264367817,23930
0,30,10,300,0.0022222222222222222,0.14195402298850573,29050
0,30,10,300,0.0044444444444444444,0.12183908045977011,35266
0,30,10,300,0.0044444444444444444,0.10632183908045977,42813
0,30,10,300,0.0044444444444444444,0.0925287356321839,51974
0,30,10,300,0.006666666666666667,0.07528735632183908,63095
0,30,10,300,0.006666666666666667,0.05574712643678161,76596
0,30,10,300,0.0077777777777777776,0.045402298850574715,92986
0,30,10,300,0.0077777777777777776,0.029310344827586206,112883
0,30,10,300,0.0077777777777777776,0.026436781609195402,137038
0,30,10,300,0.008888888888888889,0.01896551724137931,166361
0,30,10,300,0.008888888888888889,0.021839080459770115,201958
0,30,10,300,0.012222222222222223,0.01839080459770115,245173
0,30,10,300,0.008888888888888889,0.020114942528735632,297635
0,30,10,300,0.012222222222222223,0.01954022988505747,361322
0,30,10,300,0.012222222222222223,0.021264367816091954,438637
0,30,10,300,0.012222222222222223,0.016666666666666666,532495
0,30,10,300,0.012222222222222223,0.020114942528735632,646437
0,30,10,300,0.012222222222222223,0.022413793103448276,784759
0,30,10,300,0.01,0.01954022988505747,952680
0,30,10,300,0.012222222222222223,0.021264367816091954,1156532
0,30,10,300,0.014444444444444444,0.020689655172413793,1404004
0,30,10,300,0.01888888888888889,0.022413793103448276,1704429
0,30,10,300,0.014444444444444444,0.022988505747126436,2069138
0,30,10,300,0.008888888888888889,0.028735632183908046,2511886
0,30,10,300,0.027777777777777776,0.021264367816091954,3049372
0,30,10,300,0.01888888888888889,0.021264367816091954,3701869
0,30,10,300,0.02,0.01896551724137931,4493984
0,30,10,300,0.01888888888888889,0.021839080459770115,5455594
0,30,10,300,0.017777777777777778,0.021839080459770115,6622967
0,30,10,300,0.01,0.021264367816091954,8040131
0,30,10,300,0.01,0.027586206896551724,9760536
0,30,10,300,0.04,0.021264367816091954,11849068
0,30,10,300,0.03777777777777778,0.021839080459770115,14384498
0,30,10,300,0.034444444444444444,0.022413793103448276,17462453
0,30,10,300,0.03,0.031609195402298854,21199020
0,30,10,300,0.023333333333333334,0.032758620689655175,25735127
0,30,10,300,0.03111111111111111,0.02413793103448276,31241857
0,30,10,300,0.02,0.02471264367816092,37926901
0,30,10,300,0.022222222222222223,0.022988505747126436,46042393
0,30,10,300,0.016666666666666666,0.023563218390804597,55894415
0,30,10,300,0.024444444444444446,0.02586206896551724,67854545
0,30,10,300,0.022222222222222223,0.023563218390804597,82373870
0,30,10,500,0.0011111111111111111,0.12701149425287356,1
0,30,10,500,0.0011111111111111111,0.12701149425287356,2
0,30,10,500,0.0011111111111111111,0.12701149425287356,3
0,30,10,500,0.0011111111111111111,0.12701149425287356,4
0,30,10,500,0.0011111111111111111,0.12701149425287356,5
0,30,10,500,0.0011111111111111111,0.12701149425287356,6
0,30,10,500,0.0011111111111111111,0.12701149425287356,8
0,30,10,500,0.0011111111111111111,0.12701149425287356,10
0,30,10,500,0.0011111111111111111,0.12701149425287356,12
0,30,10,500,0.0011111111111111111,0.12701149425287356,15
0,30,10,500,0.0011111111111111111,0.12701149425287356,18
0,30,10,500,0.0011111111111111111,0.12701149425287356,22
0,30,10,500,0.0011111111111111111,0.12701149425287356,27
0,30,10,500,0.0011111111111111111,0.12701149425287356,32
0,30,10,500,0.0011111111111111111,0.12701149425287356,39
0,30,10,500,0.0011111111111111111,0.12701149425287356,48
0,30,10,500,0.0011111111111111111,0.12701149425287356,58
0,30,10,500,0.0011111111111111111,0.12701149425287356,71
0,30,10,500,0.0011111111111111111,0.12701149425287356,86
0,30,10,500,0.0011111111111111111,0.12701149425287356,104
0,30,10,500,0.0011111111111111111,0.12701149425287356,127
0,30,10,500,0.0011111111111111111,0.12701149425287356,154
0,30,10,500,0.0011111111111111111,0.12701149425287356,187
0,30,10,500,0.0011111111111111111,0.12701149425287356,227
0,30,10,500,0.0011111111111111111,0.12701149425287356,276
0,30,10,500,0.0011111111111111111,0.12643678160919541,335
0,30,10,500,0.0011111111111111111,0.12643678160919541,407
0,30,10,500,0.0011111111111111111,0.12643678160919541,495
0,30,10,500,0.0011111111111111111,0.12643678160919541,601
0,30,10,500,0.0011111111111111111,0.12643678160919541,729
0,30,10,500,0.0011111111111111111,0.12643678160919541,885
0,30,10,500,0.0011111111111111111,0.12643678160919541,1075
0,30,10,500,0.0011111111111111111,0.12643678160919541,1305
0,30,10,500,0.0011111111111111111,0.12643678160919541,1584
0,30,10,500,0.0011111111111111111,0.12643678160919541,1924
0,30,10,500,0.0011111111111111111,0.12701149425287356,2335
0,30,10,500,0.0011111111111111111,0.12701149425287356,2835
0,30,10,500,0.0011111111111111111,0.12758620689655173,3442
0,30,10,500,0.0011111111111111111,0.12701149425287356,4178
0,30,10,500,0.0011111111111111111,0.12643678160919541,5072
0,30,10,500,0.0011111111111111111,0.12701149425287356,6158
0,30,10,500,0.0011111111111111111,0.12643678160919541,7476
0,30,10,500,0.0011111111111111111,0.12758620689655173,9076
0,30,10,500,0.0011111111111111111,0.12758620689655173,11018
0,30,10,500,0.0022222222222222222,0.12758620689655173,13375
0,30,10,500,0.0022222222222222222,0.12816091954022987,16237
0,30,10,500,0.0022222222222222222,0.12528735632183907,19712
0,30,10,500,0.0022222222222222222,0.12126436781609196,23930
0,30,10,500,0.0022222222222222222,0.11091954022988505,29050
0,30,10,500,0.0033333333333333335,0.09942528735632183,35266
0,30,10,500,0.0044444444444444444,0.08333333333333333,42813
0,30,10,500,0.0044444444444444444,0.058045977011494256,51974
0,30,10,500,0.0044444444444444444,0.04655172413793104,63095
0,30,10,500,0.0044444444444444444,0.03793103448275862,76596
0,30,10,500,0.006666666666666667,0.022413793103448276,92986
0,30,10,500,0.006666666666666667,0.017816091954022988,112883
0,30,10,500,0.006666666666666667,0.014942528735632184,137038
0,30,10,500,0.0077777777777777776,0.013793103448275862,166361
0,30,10,500,0.01,0.009770114942528735,201958
0,30,10,500,0.011111111111111112,0.010344827586206896,245173
0,30,10,500,0.011111111111111112,0.008620689655172414,297635
0,30,10,500,0.011111111111111112,0.010919540229885057,361322
0,30,10,500,0.011111111111111112,0.008045977011494253,438637
0,30,10,500,0.011111111111111112,0.010344827586206896,532495
0,30,10,500,0.011111111111111112,0.009770114942528735,646437
0,30,10,500,0.011111111111111112,0.009770114942528735,784759
0,30,10,500,0.011111111111111112,0.008620689655172414,952680
0,30,10,500,0.011111111111111112,0.009195402298850575,1156532
0,30,10,500,0.011111111111111112,0.008620689655172414,1404004
0,30,10,500,0.011111111111111112,0.01206896551724138,1704429
0,30,10,500,0.011111111111111112,0.010344827586206896,2069138
0,30,10,500,0.011111111111111112,0.009195402298850575,2511886
0,30,10,500,0.011111111111111112,0.01206896551724138,3049372
0,30,10,500,0.011111111111111112,0.009195402298850575,3701869
0,30,10,500,0.011111111111111112,0.009770114942528735,4493984
0,30,10,500,0.011111111111111112,0.010344827586206896,5455594
0,30,10,500,0.011111111111111112,0.010344827586206896,6622967
0,30,10,500,0.011111111111111112,0.009770114942528735,8040131
0,30,10,500,0.011111111111111112,0.011494252873563218,9760536
0,30,10,500,0.011111111111111112,0.010344827586206896,11849068
0,30,10,500,0.011111111111111112,0.008620689655172414,14384498
0,30,10,500,0.011111111111111112,0.011494252873563218,17462453
0,30,10,500,0.011111111111111112,0.008620689655172414,21199020
0,30,10,500,0.011111111111111112,0.006896551724137931,25735127
0,30,10,500,0.011111111111111112,0.008620689655172414,31241857
0,30,10,500,0.011111111111111112,0.009770114942528735,37926901
0,30,10,500,0.011111111111111112,0.008620689655172414,46042393
0,30,10,500,0.011111111111111112,0.01206896551724138,55894415
0,30,10,500,0.011111111111111112,0.009770114942528735,67854545
0,30,10,500,0.011111111111111112,0.010344827586206896,82373870
