mc,F,q,s_max_den,n_density,iteration
0,2,1,0.078,0.4311557788944724,1
0,2,1,0.078,0.4311557788944724,2
0,2,1,0.078,0.4311557788944724,3
0,2,1,0.078,0.4311557788944724,4
0,2,1,0.078,0.4311557788944724,5
0,2,1,0.078,0.4309547738693467,6
0,2,1,0.078,0.4309547738693467,7
0,2,1,0.078,0.4309547738693467,9
0,2,1,0.079,0.4307537688442211,11
0,2,1,0.079,0.4307537688442211,13
0,2,1,0.079,0.43055276381909546,16
0,2,1,0.079,0.43055276381909546,19
0,2,1,0.079,0.43055276381909546,23
0,2,1,0.081,0.4301507537688442,28
0,2,1,0.081,0.42974874371859295,34
0,2,1,0.081,0.42894472361809044,41
0,2,1,0.081,0.42954773869346735,50
0,2,1,0.081,0.4299497487437186,60
0,2,1,0.081,0.4291457286432161,73
0,2,1,0.081,0.42673366834170856,88
0,2,1,0.081,0.4255276381909548,106
0,2,1,0.079,0.42391959798994977,127
0,2,1,0.079,0.42231155778894475,154
0,2,1,0.08,0.4209045226130653,185
0,2,1,0.08,0.4207035175879397,223
0,2,1,0.081,0.41969849246231156,269
0,2,1,0.084,0.417286432160804,325
0,2,1,0.082,0.41165829145728644,392
0,2,1,0.092,0.4084422110552764,472
0,2,1,0.089,0.4084422110552764,569
0,2,1,0.098,0.4038190954773869,686
0,2,1,0.102,0.4,826
0,2,1,0.104,0.3965829145728643,996
0,2,1,0.105,0.3905527638190955,1201
0,2,1,0.119,0.3805025125628141,1447
0,2,1,0.118,0.3762814070351759,1744
0,2,1,0.102,0.3688442211055276,2102
0,2,1,0.107,0.3672361809045226,2533
0,2,1,0.118,0.36020100502512564,3053
0,2,1,0.118,0.3622110552763819,3679
0,2,1,0.129,0.3473366834170854,4434
0,2,1,0.142,0.33889447236180903,5344
0,2,1,0.141,0.33768844221105526,6441
0,2,1,0.139,0.3455276381909548,7762
0,2,1,0.167,0.33326633165829145,9355
0,2,1,0.168,0.33768844221105526,11274
0,2,1,0.172,0.335678391959799,13587
0,2,1,0.17,0.34251256281407033,16374
0,2,1,0.169,0.36201005025125627,19733
0,2,1,0.195,0.3453266331658291,23782
0,2,1,0.264,0.3541708542713568,28661
0,2,1,0.481,0.23236180904522613,34541
0,2,1,0.573,0.17407035175879396,41627
0,2,1,0.587,0.1871356783919598,50167
0,2,1,0.703,0.01628140703517588,60459
0,2,1,0.712,0.002412060301507538,72863
0,2,1,0.713,0.0018090452261306533,87811
0,2,1,0.713,0.0018090452261306533,105825
0,2,1,0.713,0.0018090452261306533,127535
0,2,1,0.713,0.0016080402010050252,153700
0,2,1,0.713,0.0018090452261306533,185232
0,2,1,0.713,0.0016080402010050252,223232
0,2,1,0.713,0.0018090452261306533,269029
0,2,1,0.713,0.001407035175879397,324221
0,2,1,0.713,0.0016080402010050252,390736
0,2,1,0.713,0.0016080402010050252,470896
0,2,1,0.713,0.001407035175879397,567501
0,2,1,0.713,0.0018090452261306533,683925
0,2,1,0.713,0.0016080402010050252,824234
0,2,1,0.713,0.0018090452261306533,993327
0,2,1,0.713,0.0016080402010050252,1197110
0,2,1,0.713,0.001407035175879397,1442699
0,2,1,0.713,0.001407035175879397,1738672
0,2,1,0.713,0.0018090452261306533,2095364
0,2,1,0.713,0.0018090452261306533,2525232
0,2,1,0.713,0.001407035175879397,3043288
0,2,1,0.713,0.0018090452261306533,3667625
0,2,1,0.713,0.001407035175879397,4420045
0,2,1,0.713,0.0018090452261306533,5326826
0,2,1,0.713,0.001407035175879397,6419634
0,2,1,0.713,0.0020100502512562816,7736635
0,2,1,0.713,0.0020100502512562816,9323820
0,2,1,0.713,0.0016080402010050252,11236619
0,2,1,0.713,0.0020100502512562816,13541833
0,2,1,0.713,0.0018090452261306533,16319966
0,2,1,0.713,0.0016080402010050252,19668038
0,2,1,0.713,0.001407035175879397,23702974
0,2,1,0.713,0.0018090452261306533,28565684
0,2,1,0.713,0.0016080402010050252,34425988
0,2,1,0.713,0.0016080402010050252,41488545
0,2,1,0.713,0.0016080402010050252,49999999
1,2,1,0.076,0.4245226130653266,1
1,2,1,0.076,0.42391959798994977,2
1,2,1,0.076,0.42391959798994977,3
1,2,1,0.076,0.42391959798994977,4
1,2,1,0.076,0.42391959798994977,5
1,2,1,0.076,0.42391959798994977,6
1,2,1,0.076,0.42391959798994977,7
1,2,1,0.076,0.42391959798994977,9
1,2,1,0.076,0.42391959798994977,11
1,2,1,0.076,0.4237185929648241,13
1,2,1,0.076,0.4235175879396985,16
1,2,1,0.076,0.422713567839196,19
1,2,1,0.076,0.4221105527638191,23
1,2,1,0.076,0.4221105527638191,28
1,2,1,0.076,0.42170854271356784,34
1,2,1,0.076,0.42170854271356784,41
1,2,1,0.076,0.4198994974874372,50
1,2,1,0.076,0.4198994974874372,60
1,2,1,0.077,0.41889447236180904,73
1,2,1,0.076,0.4176884422110553,88
1,2,1,0.078,0.41608040201005025,106
1,2,1,0.077,0.4150753768844221,127
1,2,1,0.077,0.4150753768844221,154
1,2,1,0.08,0.4136683417085427,185
1,2,1,0.079,0.41326633165829146,223
1,2,1,0.085,0.4112562814070352,269
1,2,1,0.089,0.4122613065326633,325
1,2,1,0.089,0.41085427135678393,392
1,2,1,0.095,0.4072361809045226,472
1,2,1,0.1,0.4030150753768844,569
1,2,1,0.103,0.40180904522613065,686
1,2,1,0.106,0.3991959798994975,826
1,2,1,0.111,0.39175879396984925,996
1,2,1,0.119,0.38914572864321606,1201
1,2,1,0.124,0.38030150753768843,1447
1,2,1,0.12,0.3776884422110553,1744
1,2,1,0.126,0.37266331658291457,2102
1,2,1,0.144,0.36381909547738694,2533
1,2,1,0.141,0.35738693467336685,3053
1,2,1,0.142,0.361608040201005,3679
1,2,1,0.156,0.36542713567839197,4434
1,2,1,0.158,0.351356783919598,5344
1,2,1,0.169,0.3354773869346734,6441
1,2,1,0.203,0.3278391959798995,7762
1,2,1,0.233,0.30974874371859296,9355
1,2,1,0.249,0.3248241206030151,11274
1,2,1,0.336,0.25809045226130656,13587
1,2,1,0.388,0.21949748743718592,16374
1,2,1,0.43,0.1636180904522613,19733
1,2,1,0.504,0.09407035175879397,23782
1,2,1,0.532,0.07336683417085427,28661
1,2,1,0.539,0.06653266331658292,34541
1,2,1,0.54,0.07035175879396985,41627
1,2,1,0.541,0.0629145728643216,50167
1,2,1,0.541,0.05527638190954774,60459
1,2,1,0.541,0.048844221105527635,72863
1,2,1,0.541,0.062311557788944726,87811
1,2,1,0.541,0.05507537688442211,105825
1,2,1,0.541,0.052462311557788945,127535
1,2,1,0.541,0.05829145728643216,153700
1,2,1,0.541,0.05809045226130653,185232
1,2,1,0.541,0.06331658291457286,223232
1,2,1,0.541,0.047839195979899496,269029
1,2,1,0.541,0.06090452261306532,324221
1,2,1,0.541,0.0621105527638191,390736
1,2,1,0.541,0.055879396984924626,470896
1,2,1,0.541,0.05829145728643216,567501
1,2,1,0.541,0.04984924623115578,683925
1,2,1,0.541,0.061306532663316586,824234
1,2,1,0.541,0.05809045226130653,993327
1,2,1,0.541,0.055678391959799,1197110
1,2,1,0.541,0.05226130653266332,1442699
1,2,1,0.541,0.06030150753768844,1738672
1,2,1,0.541,0.06190954773869347,2095364
1,2,1,0.541,0.06371859296482411,2525232
1,2,1,0.541,0.04924623115577889,3043288
1,2,1,0.541,0.04663316582914573,3667625
1,2,1,0.541,0.06170854271356784,4420045
1,2,1,0.541,0.05668341708542714,5326826
1,2,1,0.541,0.0592964824120603,6419634
1,2,1,0.541,0.055879396984924626,7736635
1,2,1,0.541,0.06090452261306532,9323820
1,2,1,0.541,0.056080402010050254,11236619
1,2,1,0.541,0.06251256281407035,13541833
1,2,1,0.541,0.05065326633165829,16319966
1,2,1,0.541,0.061306532663316586,19668038
1,2,1,0.541,0.044221105527638194,23702974
1,2,1,0.541,0.06331658291457286,28565684
1,2,1,0.541,0.05487437185929648,34425988
1,2,1,0.541,0.06412060301507538,41488545
1,2,1,0.541,0.05849246231155779,49999999
2,2,1,0.085,0.4311557788944724,1
2,2,1,0.085,0.4311557788944724,2
2,2,1,0.087,0.4319597989949749,3
2,2,1,0.087,0.4319597989949749,4
2,2,1,0.087,0.4319597989949749,5
2,2,1,0.087,0.4319597989949749,6
2,2,1,0.087,0.4319597989949749,7
2,2,1,0.087,0.4319597989949749,9
2,2,1,0.087,0.4319597989949749,11
2,2,1,0.087,0.4319597989949749,13
2,2,1,0.087,0.4319597989949749,16
2,2,1,0.087,0.4319597989949749,19
2,2,1,0.087,0.43175879396984923,23
2,2,1,0.087,0.4311557788944724,28
2,2,1,0.089,0.43155778894472363,34
2,2,1,0.089,0.43155778894472363,41
2,2,1,0.089,0.4311557788944724,50
2,2,1,0.089,0.43155778894472363,60
2,2,1,0.09,0.4299497487437186,73
2,2,1,0.089,0.4283417085427136,88
2,2,1,0.089,0.4265326633165829,106
2,2,1,0.089,0.4263316582914573,127
2,2,1,0.089,0.42412060301507537,154
2,2,1,0.092,0.4229145728643216,185
2,2,1,0.093,0.42050251256281407,223
2,2,1,0.095,0.41949748743718596,269
2,2,1,0.096,0.41608040201005025,325
2,2,1,0.099,0.4120603015075377,392
2,2,1,0.095,0.4114572864321608,472
2,2,1,0.092,0.4076381909547739,569
2,2,1,0.099,0.40341708542713567,686
2,2,1,0.099,0.39879396984924625,826
2,2,1,0.104,0.392964824120603,996
2,2,1,0.104,0.39175879396984925,1201
2,2,1,0.097,0.3865326633165829,1447
2,2,1,0.097,0.3829145728643216,1744
2,2,1,0.099,0.3807035175879397,2102
2,2,1,0.091,0.37386934673366834,2533
2,2,1,0.095,0.36743718592964825,3053
2,2,1,0.114,0.35658291457286434,3679
2,2,1,0.11,0.3481407035175879,4434
2,2,1,0.132,0.33386934673366836,5344
2,2,1,0.158,0.3171859296482412,6441
2,2,1,0.197,0.2920603015075377,7762
2,2,1,0.227,0.2623115577889447,9355
2,2,1,0.273,0.22532663316582915,11274
2,2,1,0.315,0.19618090452261305,13587
2,2,1,0.356,0.1563819095477387,16374
2,2,1,0.383,0.11738693467336683,19733
2,2,1,0.414,0.08804020100502513,23782
2,2,1,0.433,0.08562814070351758,28661
2,2,1,0.439,0.08844221105527639,34541
2,2,1,0.442,0.06773869346733669,41627
2,2,1,0.441,0.13185929648241207,50167
2,2,1,0.442,0.14693467336683416,60459
2,2,1,0.442,0.14613065326633165,72863
2,2,1,0.443,0.14190954773869346,87811
2,2,1,0.441,0.14552763819095477,105825
2,2,1,0.475,0.048040201005025124,127535
2,2,1,0.452,0.07276381909547738,153700
2,2,1,0.461,0.09025125628140704,185232
2,2,1,0.442,0.10773869346733668,223232
2,2,1,0.477,0.04321608040201005,269029
2,2,1,0.44,0.14130653266331658,324221
2,2,1,0.467,0.0892462311557789,390736
2,2,1,0.442,0.14271356783919598,470896
2,2,1,0.443,0.13829145728643216,567501
2,2,1,0.442,0.1228140703517588,683925
2,2,1,0.44,0.08160804020100502,824234
2,2,1,0.443,0.1149748743718593,993327
2,2,1,0.442,0.135678391959799,1197110
2,2,1,0.441,0.08442211055276382,1442699
2,2,1,0.477,0.045025125628140705,1738672
2,2,1,0.442,0.08100502512562814,2095364
2,2,1,0.441,0.14532663316582914,2525232
2,2,1,0.44,0.10874371859296482,3043288
2,2,1,0.446,0.1035175879396985,3667625
2,2,1,0.443,0.13547738693467337,4420045
2,2,1,0.44,0.10331658291457287,5326826
2,2,1,0.443,0.1328643216080402,6419634
2,2,1,0.443,0.1370854271356784,7736635
2,2,1,0.443,0.1007035175879397,9323820
2,2,1,0.441,0.09045226130653267,11236619
2,2,1,0.442,0.1071356783919598,13541833
2,2,1,0.441,0.13547738693467337,16319966
2,2,1,0.452,0.07296482412060301,19668038
2,2,1,0.443,0.11758793969849246,23702974
2,2,1,0.442,0.10391959798994975,28565684
2,2,1,0.443,0.1071356783919598,34425988
2,2,1,0.442,0.14693467336683416,41488545
2,2,1,0.516,0.018693467336683416,49999999
0,2,10,0.003,0.16482412060301507,1
0,2,10,0.003,0.16482412060301507,2
0,2,10,0.003,0.16482412060301507,3
0,2,10,0.003,0.16482412060301507,4
0,2,10,0.003,0.16482412060301507,5
0,2,10,0.003,0.16482412060301507,6
0,2,10,0.003,0.16482412060301507,7
0,2,10,0.003,0.16482412060301507,9
0,2,10,0.003,0.16482412060301507,11
0,2,10,0.003,0.16482412060301507,13
0,2,10,0.003,0.16482412060301507,16
0,2,10,0.003,0.16482412060301507,19
0,2,10,0.003,0.16482412060301507,23
0,2,10,0.003,0.16462311557788945,28
0,2,10,0.003,0.16462311557788945,34
0,2,10,0.003,0.1642211055276382,41
0,2,10,0.003,0.1642211055276382,50
0,2,10,0.003,0.1636180904522613,60
0,2,10,0.003,0.1628140703517588,73
0,2,10,0.003,0.1628140703517588,88
0,2,10,0.003,0.16261306532663317,106
0,2,10,0.003,0.16241206030150754,127
0,2,10,0.004,0.16241206030150754,154
0,2,10,0.004,0.1622110552763819,185
0,2,10,0.004,0.16120603015075377,223
0,2,10,0.004,0.16040201005025126,269
0,2,10,0.004,0.1585929648241206,325
0,2,10,0.005,0.15618090452261307,392
0,2,10,0.007,0.15396984924623117,472
0,2,10,0.007,0.15175879396984926,569
0,2,10,0.007,0.15055276381909546,686
0,2,10,0.007,0.1493467336683417,826
0,2,10,0.008,0.15095477386934672,996
0,2,10,0.008,0.14974874371859295,1201
0,2,10,0.009,0.14834170854271356,1447
0,2,10,0.009,0.144321608040201,1744
0,2,10,0.011,0.1384924623115578,2102
0,2,10,0.016,0.1348743718592965,2533
0,2,10,0.017,0.1314572864321608,3053
0,2,10,0.022,0.12944723618090453,3679
0,2,10,0.027,0.12763819095477386,4434
0,2,10,0.036,0.12180904522613065,5344
0,2,10,0.046,0.12,6441
0,2,10,0.047,0.11417085427135679,7762
0,2,10,0.062,0.10271356783919598,9355
0,2,10,0.075,0.0978894472361809,11274
0,2,10,0.096,0.09185929648241206,13587
0,2,10,0.108,0.08100502512562814,16374
0,2,10,0.12,0.0735678391959799,19733
0,2,10,0.128,0.06814070351758794,23782
0,2,10,0.136,0.057889447236180905,28661
0,2,10,0.138,0.05648241206030151,34541
0,2,10,0.146,0.048040201005025124,41627
0,2,10,0.148,0.05105527638190955,50167
0,2,10,0.145,0.050452261306532666,60459
0,2,10,0.153,0.045025125628140705,72863
0,2,10,0.152,0.04361809045226131,87811
0,2,10,0.163,0.04361809045226131,105825
0,2,10,0.151,0.04542713567839196,127535
0,2,10,0.15,0.050452261306532666,153700
0,2,10,0.14,0.051457286432160805,185232
0,2,10,0.16,0.04542713567839196,223232
0,2,10,0.163,0.04663316582914573,269029
0,2,10,0.158,0.04864321608040201,324221
0,2,10,0.165,0.041407035175879396,390736
0,2,10,0.156,0.0464321608040201,470896
0,2,10,0.164,0.045025125628140705,567501
0,2,10,0.16,0.0464321608040201,683925
0,2,10,0.154,0.05165829145728643,824234
0,2,10,0.157,0.048040201005025124,993327
0,2,10,0.158,0.04864321608040201,1197110
0,2,10,0.162,0.04201005025125628,1442699
0,2,10,0.169,0.047839195979899496,1738672
0,2,10,0.165,0.05005025125628141,2095364
0,2,10,0.177,0.04723618090452261,2525232
0,2,10,0.16,0.04663316582914573,3043288
0,2,10,0.16,0.047839195979899496,3667625
0,2,10,0.145,0.05266331658291457,4420045
0,2,10,0.165,0.04663316582914573,5326826
0,2,10,0.168,0.04582914572864322,6419634
0,2,10,0.154,0.05025125628140704,7736635
0,2,10,0.17,0.04723618090452261,9323820
0,2,10,0.171,0.041407035175879396,11236619
0,2,10,0.165,0.04924623115577889,13541833
0,2,10,0.17,0.048040201005025124,16319966
0,2,10,0.149,0.051457286432160805,19668038
0,2,10,0.17,0.04562814070351759,23702974
0,2,10,0.162,0.05005025125628141,28565684
0,2,10,0.158,0.04984924623115578,34425988
0,2,10,0.154,0.04844221105527638,41488545
0,2,10,0.161,0.04824120603015075,49999999
1,2,10,0.003,0.16201005025125628,1
1,2,10,0.003,0.16201005025125628,2
1,2,10,0.003,0.16201005025125628,3
1,2,10,0.003,0.16201005025125628,4
1,2,10,0.003,0.16201005025125628,5
1,2,10,0.003,0.16201005025125628,6
1,2,10,0.003,0.16201005025125628,7
1,2,10,0.003,0.16201005025125628,9
1,2,10,0.003,0.16201005025125628,11
1,2,10,0.003,0.16201005025125628,13
1,2,10,0.003,0.16201005025125628,16
1,2,10,0.003,0.16201005025125628,19
1,2,10,0.003,0.16180904522613065,23
1,2,10,0.003,0.16180904522613065,28
1,2,10,0.003,0.1614070351758794,34
1,2,10,0.003,0.1614070351758794,41
1,2,10,0.003,0.1614070351758794,50
1,2,10,0.003,0.1614070351758794,60
1,2,10,0.004,0.16100502512562814,73
1,2,10,0.004,0.16100502512562814,88
1,2,10,0.004,0.16100502512562814,106
1,2,10,0.004,0.15979899497487438,127
1,2,10,0.004,0.15979899497487438,154
1,2,10,0.005,0.1585929648241206,185
1,2,10,0.005,0.1585929648241206,223
1,2,10,0.006,0.15819095477386935,269
1,2,10,0.006,0.15819095477386935,325
1,2,10,0.006,0.1571859296482412,392
1,2,10,0.006,0.15758793969849247,472
1,2,10,0.007,0.15678391959798996,569
1,2,10,0.007,0.15477386934673368,686
1,2,10,0.007,0.1535678391959799,826
1,2,10,0.008,0.151356783919598,996
1,2,10,0.008,0.14854271356783919,1201
1,2,10,0.008,0.14371859296482412,1447
1,2,10,0.008,0.13909547738693467,1744
1,2,10,0.009,0.13628140703517588,2102
1,2,10,0.011,0.13306532663316584,2533
1,2,10,0.011,0.1292462311557789,3053
1,2,10,0.014,0.12904522613065328,3679
1,2,10,0.019,0.12120603015075376,4434
1,2,10,0.023,0.11658291457286432,5344
1,2,10,0.027,0.11376884422110553,6441
1,2,10,0.029,0.10793969849246231,7762
1,2,10,0.034,0.10030150753768845,9355
1,2,10,0.034,0.09567839195979899,11274
1,2,10,0.041,0.09125628140703518,13587
1,2,10,0.048,0.08582914572864321,16374
1,2,10,0.074,0.07658291457286433,19733
1,2,10,0.096,0.06532663316582915,23782
1,2,10,0.109,0.05527638190954774,28661
1,2,10,0.116,0.04924623115577889,34541
1,2,10,0.124,0.04542713567839196,41627
1,2,10,0.129,0.04442211055276382,50167
1,2,10,0.131,0.047839195979899496,60459
1,2,10,0.139,0.04080402010050251,72863
1,2,10,0.133,0.04301507537688442,87811
1,2,10,0.134,0.045025125628140705,105825
1,2,10,0.133,0.044221105527638194,127535
1,2,10,0.135,0.047035175879396984,153700
1,2,10,0.14,0.04542713567839196,185232
1,2,10,0.137,0.04482412060301508,223232
1,2,10,0.141,0.043417085427135675,269029
1,2,10,0.137,0.04522613065326633,324221
1,2,10,0.135,0.04723618090452261,390736
1,2,10,0.143,0.04321608040201005,470896
1,2,10,0.137,0.04462311557788945,567501
1,2,10,0.136,0.04281407035175879,683925
1,2,10,0.136,0.04100502512562814,824234
1,2,10,0.136,0.046030150753768845,993327
1,2,10,0.139,0.047839195979899496,1197110
1,2,10,0.134,0.047839195979899496,1442699
1,2,10,0.137,0.04824120603015075,1738672
1,2,10,0.138,0.04361809045226131,2095364
1,2,10,0.14,0.04381909547738694,2525232
1,2,10,0.136,0.04542713567839196,3043288
1,2,10,0.143,0.040603015075376885,3667625
1,2,10,0.135,0.048040201005025124,4420045
1,2,10,0.139,0.04723618090452261,5326826
1,2,10,0.139,0.04522613065326633,6419634
1,2,10,0.144,0.04301507537688442,7736635
1,2,10,0.132,0.045025125628140705,9323820
1,2,10,0.138,0.04562814070351759,11236619
1,2,10,0.136,0.04663316582914573,13541833
1,2,10,0.133,0.05185929648241206,16319966
1,2,10,0.136,0.04904522613065326,19668038
1,2,10,0.138,0.04381909547738694,23702974
1,2,10,0.137,0.045025125628140705,28565684
1,2,10,0.143,0.04522613065326633,34425988
1,2,10,0.145,0.04542713567839196,41488545
1,2,10,0.144,0.04844221105527638,49999999
2,2,10,0.004,0.15597989949748745,1
2,2,10,0.004,0.15597989949748745,2
2,2,10,0.004,0.15597989949748745,3
2,2,10,0.004,0.15597989949748745,4
2,2,10,0.004,0.15597989949748745,5
2,2,10,0.004,0.15597989949748745,6
2,2,10,0.004,0.15597989949748745,7
2,2,10,0.004,0.15597989949748745,9
2,2,10,0.004,0.15597989949748745,11
2,2,10,0.004,0.15597989949748745,13
2,2,10,0.004,0.15597989949748745,16
2,2,10,0.004,0.15597989949748745,19
2,2,10,0.004,0.15597989949748745,23
2,2,10,0.004,0.15618090452261307,28
2,2,10,0.004,0.15618090452261307,34
2,2,10,0.004,0.15577889447236182,41
2,2,10,0.004,0.15577889447236182,50
2,2,10,0.004,0.15537688442211056,60
2,2,10,0.004,0.1549748743718593,73
2,2,10,0.004,0.1549748743718593,88
2,2,10,0.004,0.1549748743718593,106
2,2,10,0.004,0.15457286432160805,127
2,2,10,0.004,0.1541708542713568,154
2,2,10,0.005,0.15336683417085428,185
2,2,10,0.005,0.1527638190954774,223
2,2,10,0.005,0.15175879396984926,269
2,2,10,0.005,0.15175879396984926,325
2,2,10,0.005,0.1501507537688442,392
2,2,10,0.005,0.14994974874371858,472
2,2,10,0.008,0.14834170854271356,569
2,2,10,0.009,0.14753768844221105,686
2,2,10,0.009,0.14673366834170853,826
2,2,10,0.009,0.1429145728643216,996
2,2,10,0.009,0.14090452261306532,1201
2,2,10,0.009,0.13628140703517588,1447
2,2,10,0.014,0.13386934673366835,1744
2,2,10,0.018,0.13266331658291458,2102
2,2,10,0.018,0.1284422110552764,2533
2,2,10,0.022,0.12442211055276382,3053
2,2,10,0.021,0.12120603015075376,3679
2,2,10,0.024,0.11678391959798995,4434
2,2,10,0.022,0.11939698492462311,5344
2,2,10,0.02,0.11417085427135679,6441
2,2,10,0.021,0.11155778894472362,7762
2,2,10,0.039,0.10874371859296482,9355
2,2,10,0.043,0.10512562814070352,11274
2,2,10,0.048,0.10633165829145728,13587
2,2,10,0.073,0.09768844221105527,16374
2,2,10,0.083,0.09266331658291457,19733
2,2,10,0.105,0.08402010050251256,23782
2,2,10,0.115,0.08180904522613065,28661
2,2,10,0.155,0.06633165829145729,34541
2,2,10,0.176,0.05668341708542714,41627
2,2,10,0.113,0.08482412060301507,50167
2,2,10,0.09,0.08301507537688442,60459
2,2,10,0.136,0.07678391959798996,72863
2,2,10,0.131,0.08080402010050251,87811
2,2,10,0.127,0.08522613065326633,105825
2,2,10,0.174,0.0743718592964824,127535
2,2,10,0.1,0.08281407035175879,153700
2,2,10,0.179,0.07537688442211055,185232
2,2,10,0.153,0.08482412060301507,223232
2,2,10,0.112,0.07959798994974875,269029
2,2,10,0.201,0.06251256281407035,324221
2,2,10,0.148,0.07698492462311558,390736
2,2,10,0.176,0.07175879396984924,470896
2,2,10,0.116,0.08040201005025126,567501
2,2,10,0.142,0.08060301507537689,683925
2,2,10,0.148,0.08241206030150754,824234
2,2,10,0.127,0.07758793969849247,993327
2,2,10,0.162,0.08562814070351758,1197110
2,2,10,0.16,0.08080402010050251,1442699
2,2,10,0.123,0.08844221105527639,1738672
2,2,10,0.185,0.06311557788944723,2095364
2,2,10,0.201,0.06170854271356784,2525232
2,2,10,0.136,0.0785929648241206,3043288
2,2,10,0.189,0.06894472361809045,3667625
2,2,10,0.137,0.07919597989949749,4420045
2,2,10,0.138,0.08422110552763819,5326826
2,2,10,0.117,0.08562814070351758,6419634
2,2,10,0.178,0.07457286432160803,7736635
2,2,10,0.111,0.09206030150753769,9323820
2,2,10,0.126,0.0892462311557789,11236619
2,2,10,0.217,0.061507537688442214,13541833
2,2,10,0.181,0.0721608040201005,16319966
2,2,10,0.149,0.07879396984924623,19668038
2,2,10,0.177,0.06793969849246231,23702974
2,2,10,0.113,0.08623115577889447,28565684
2,2,10,0.164,0.08160804020100502,34425988
2,2,10,0.151,0.0814070351758794,41488545
2,2,10,0.136,0.08723618090452262,49999999
0,2,100,0.002,0.053266331658291456,1
0,2,100,0.002,0.053266331658291456,2
0,2,100,0.002,0.053266331658291456,3
0,2,100,0.002,0.053266331658291456,4
0,2,100,0.002,0.053266331658291456,5
0,2,100,0.002,0.053266331658291456,6
0,2,100,0.002,0.053266331658291456,7
0,2,100,0.002,0.053266331658291456,9
0,2,100,0.002,0.053266331658291456,11
0,2,100,0.002,0.053266331658291456,13
0,2,100,0.002,0.053266331658291456,16
0,2,100,0.002,0.053266331658291456,19
0,2,100,0.002,0.053266331658291456,23
0,2,100,0.002,0.053266331658291456,28
0,2,100,0.002,0.05306532663316583,34
0,2,100,0.002,0.05306532663316583,41
0,2,100,0.002,0.05306532663316583,50
0,2,100,0.002,0.0528643216080402,60
0,2,100,0.002,0.0528643216080402,73
0,2,100,0.002,0.05266331658291457,88
0,2,100,0.002,0.05226130653266332,106
0,2,100,0.002,0.05165829145728643,127
0,2,100,0.002,0.05165829145728643,154
0,2,100,0.002,0.05125628140703518,185
0,2,100,0.002,0.05125628140703518,223
0,2,100,0.002,0.05125628140703518,269
0,2,100,0.003,0.05085427135678392,325
0,2,100,0.003,0.05105527638190955,392
0,2,100,0.003,0.05065326633165829,472
0,2,100,0.003,0.05025125628140704,569
0,2,100,0.003,0.049648241206030154,686
0,2,100,0.003,0.04924623115577889,826
0,2,100,0.003,0.04763819095477387,996
0,2,100,0.004,0.04623115577889447,1201
0,2,100,0.004,0.04582914572864322,1447
0,2,100,0.004,0.04482412060301508,1744
0,2,100,0.005,0.04361809045226131,2102
0,2,100,0.005,0.04201005025125628,2533
0,2,100,0.005,0.04040201005025126,3053
0,2,100,0.007,0.038592964824120606,3679
0,2,100,0.007,0.035175879396984924,4434
0,2,100,0.008,0.03256281407035176,5344
0,2,100,0.009,0.029346733668341708,6441
0,2,100,0.01,0.02814070351758794,7762
0,2,100,0.01,0.02592964824120603,9355
0,2,100,0.012,0.02452261306532663,11274
0,2,100,0.011,0.02150753768844221,13587
0,2,100,0.011,0.01969849246231156,16374
0,2,100,0.012,0.01587939698492462,19733
0,2,100,0.012,0.012663316582914573,23782
0,2,100,0.013,0.011457286432160804,28661
0,2,100,0.013,0.010050251256281407,34541
0,2,100,0.013,0.009045226130653266,41627
0,2,100,0.014,0.008040201005025126,50167
0,2,100,0.015,0.00763819095477387,60459
0,2,100,0.015,0.008040201005025126,72863
0,2,100,0.014,0.007839195979899497,87811
0,2,100,0.014,0.008040201005025126,105825
0,2,100,0.013,0.007437185929648241,127535
0,2,100,0.014,0.007839195979899497,153700
0,2,100,0.015,0.007437185929648241,185232
0,2,100,0.014,0.007839195979899497,223232
0,2,100,0.013,0.008040201005025126,269029
0,2,100,0.013,0.008040201005025126,324221
0,2,100,0.014,0.00763819095477387,390736
0,2,100,0.014,0.007839195979899497,470896
0,2,100,0.013,0.007839195979899497,567501
0,2,100,0.014,0.007437185929648241,683925
0,2,100,0.014,0.007839195979899497,824234
0,2,100,0.014,0.007236180904522613,993327
0,2,100,0.015,0.008241206030150754,1197110
0,2,100,0.014,0.008040201005025126,1442699
0,2,100,0.015,0.007839195979899497,1738672
0,2,100,0.015,0.007839195979899497,2095364
0,2,100,0.013,0.008040201005025126,2525232
0,2,100,0.014,0.008040201005025126,3043288
0,2,100,0.014,0.008442211055276382,3667625
0,2,100,0.013,0.008442211055276382,4420045
0,2,100,0.013,0.008241206030150754,5326826
0,2,100,0.013,0.00763819095477387,6419634
0,2,100,0.013,0.007839195979899497,7736635
0,2,100,0.014,0.008040201005025126,9323820
0,2,100,0.015,0.008442211055276382,11236619
0,2,100,0.013,0.007839195979899497,13541833
0,2,100,0.013,0.007437185929648241,16319966
0,2,100,0.014,0.00763819095477387,19668038
0,2,100,0.013,0.00864321608040201,23702974
0,2,100,0.014,0.007437185929648241,28565684
0,2,100,0.014,0.007437185929648241,34425988
0,2,100,0.014,0.007437185929648241,41488545
0,2,100,0.014,0.007437185929648241,49999999
1,2,100,0.002,0.04984924623115578,1
1,2,100,0.002,0.04984924623115578,2
1,2,100,0.002,0.04984924623115578,3
1,2,100,0.002,0.04984924623115578,4
1,2,100,0.002,0.04984924623115578,5
1,2,100,0.002,0.04984924623115578,6
1,2,100,0.002,0.04984924623115578,7
1,2,100,0.002,0.04984924623115578,9
1,2,100,0.002,0.04984924623115578,11
1,2,100,0.002,0.04984924623115578,13
1,2,100,0.002,0.04984924623115578,16
1,2,100,0.002,0.04984924623115578,19
1,2,100,0.002,0.049648241206030154,23
1,2,100,0.002,0.049648241206030154,28
1,2,100,0.002,0.049648241206030154,34
1,2,100,0.002,0.049648241206030154,41
1,2,100,0.002,0.049648241206030154,50
1,2,100,0.002,0.049648241206030154,60
1,2,100,0.002,0.049648241206030154,73
1,2,100,0.002,0.049648241206030154,88
1,2,100,0.002,0.049648241206030154,106
1,2,100,0.002,0.049648241206030154,127
1,2,100,0.002,0.04904522613065326,154
1,2,100,0.002,0.048844221105527635,185
1,2,100,0.002,0.04904522613065326,223
1,2,100,0.002,0.04864321608040201,269
1,2,100,0.002,0.04844221105527638,325
1,2,100,0.002,0.04824120603015075,392
1,2,100,0.002,0.04763819095477387,472
1,2,100,0.002,0.04743718592964824,569
1,2,100,0.002,0.047035175879396984,686
1,2,100,0.002,0.04623115577889447,826
1,2,100,0.002,0.04582914572864322,996
1,2,100,0.003,0.04522613065326633,1201
1,2,100,0.003,0.044020100502512566,1447
1,2,100,0.003,0.04321608040201005,1744
1,2,100,0.003,0.041608040201005024,2102
1,2,100,0.004,0.04100502512562814,2533
1,2,100,0.004,0.03979899497487437,3053
1,2,100,0.004,0.03778894472361809,3679
1,2,100,0.005,0.03537688442211055,4434
1,2,100,0.005,0.033165829145728645,5344
1,2,100,0.005,0.031155778894472363,6441
1,2,100,0.005,0.02914572864321608,7762
1,2,100,0.006,0.025326633165829147,9355
1,2,100,0.007,0.02291457286432161,11274
1,2,100,0.008,0.019296482412060303,13587
1,2,100,0.009,0.017688442211055276,16374
1,2,100,0.008,0.014673366834170854,19733
1,2,100,0.009,0.013266331658291457,23782
1,2,100,0.01,0.010050251256281407,28661
1,2,100,0.01,0.008442211055276382,34541
1,2,100,0.013,0.007839195979899497,41627
1,2,100,0.011,0.008241206030150754,50167
1,2,100,0.015,0.007437185929648241,60459
1,2,100,0.015,0.00763819095477387,72863
1,2,100,0.015,0.0066331658291457285,87811
1,2,100,0.015,0.0066331658291457285,105825
1,2,100,0.015,0.0066331658291457285,127535
1,2,100,0.015,0.006834170854271356,153700
1,2,100,0.015,0.006834170854271356,185232
1,2,100,0.015,0.006834170854271356,223232
1,2,100,0.015,0.006834170854271356,269029
1,2,100,0.015,0.006432160804020101,324221
1,2,100,0.015,0.007035175879396985,390736
1,2,100,0.015,0.007236180904522613,470896
1,2,100,0.015,0.006834170854271356,567501
1,2,100,0.015,0.006432160804020101,683925
1,2,100,0.015,0.006432160804020101,824234
1,2,100,0.015,0.0066331658291457285,993327
1,2,100,0.015,0.0066331658291457285,1197110
1,2,100,0.015,0.007035175879396985,1442699
1,2,100,0.015,0.006834170854271356,1738672
1,2,100,0.015,0.007437185929648241,2095364
1,2,100,0.015,0.006834170854271356,2525232
1,2,100,0.015,0.006834170854271356,3043288
1,2,100,0.015,0.007236180904522613,3667625
1,2,100,0.015,0.006834170854271356,4420045
1,2,100,0.015,0.0066331658291457285,5326826
1,2,100,0.015,0.0066331658291457285,6419634
1,2,100,0.015,0.006834170854271356,7736635
1,2,100,0.015,0.006432160804020101,9323820
1,2,100,0.015,0.0066331658291457285,11236619
1,2,100,0.015,0.007236180904522613,13541833
1,2,100,0.015,0.007437185929648241,16319966
1,2,100,0.015,0.00763819095477387,19668038
1,2,100,0.015,0.0066331658291457285,23702974
1,2,100,0.015,0.007035175879396985,28565684
1,2,100,0.015,0.0066331658291457285,34425988
1,2,100,0.015,0.006030150753768844,41488545
1,2,100,0.015,0.007035175879396985,49999999
2,2,100,0.002,0.053266331658291456,1
2,2,100,0.002,0.053266331658291456,2
2,2,100,0.002,0.053266331658291456,3
2,2,100,0.002,0.053266331658291456,4
2,2,100,0.002,0.053266331658291456,5
2,2,100,0.002,0.053266331658291456,6
2,2,100,0.002,0.053266331658291456,7
2,2,100,0.002,0.053266331658291456,9
2,2,100,0.002,0.053266331658291456,11
2,2,100,0.002,0.053266331658291456,13
2,2,100,0.002,0.053266331658291456,16
2,2,100,0.002,0.05306532663316583,19
2,2,100,0.002,0.05306532663316583,23
2,2,100,0.002,0.0528643216080402,28
2,2,100,0.002,0.0528643216080402,34
2,2,100,0.002,0.0528643216080402,41
2,2,100,0.002,0.0528643216080402,50
2,2,100,0.002,0.05266331658291457,60
2,2,100,0.002,0.05266331658291457,73
2,2,100,0.002,0.05266331658291457,88
2,2,100,0.002,0.052462311557788945,106
2,2,100,0.002,0.052462311557788945,127
2,2,100,0.002,0.05226130653266332,154
2,2,100,0.002,0.05226130653266332,185
2,2,100,0.002,0.05226130653266332,223
2,2,100,0.004,0.05105527638190955,269
2,2,100,0.004,0.05085427135678392,325
2,2,100,0.004,0.049648241206030154,392
2,2,100,0.004,0.049447236180904526,472
2,2,100,0.004,0.049447236180904526,569
2,2,100,0.005,0.04924623115577889,686
2,2,100,0.005,0.048040201005025124,826
2,2,100,0.005,0.047035175879396984,996
2,2,100,0.005,0.04663316582914573,1201
2,2,100,0.005,0.0464321608040201,1447
2,2,100,0.005,0.04562814070351759,1744
2,2,100,0.005,0.045025125628140705,2102
2,2,100,0.005,0.04361809045226131,2533
2,2,100,0.005,0.041407035175879396,3053
2,2,100,0.005,0.03979899497487437,3679
2,2,100,0.005,0.03758793969849246,4434
2,2,100,0.006,0.035175879396984924,5344
2,2,100,0.007,0.03276381909547739,6441
2,2,100,0.008,0.028542713567839197,7762
2,2,100,0.01,0.025728643216080403,9355
2,2,100,0.011,0.022512562814070353,11274
2,2,100,0.012,0.020904522613065326,13587
2,2,100,0.013,0.01728643216080402,16374
2,2,100,0.012,0.016080402010050253,19733
2,2,100,0.013,0.014673366834170854,23782
2,2,100,0.014,0.012060301507537688,28661
2,2,100,0.016,0.011658291457286432,34541
2,2,100,0.016,0.00984924623115578,41627
2,2,100,0.016,0.009648241206030151,50167
2,2,100,0.016,0.009648241206030151,60459
2,2,100,0.016,0.009447236180904522,72863
2,2,100,0.014,0.009045226130653266,87811
2,2,100,0.016,0.009648241206030151,105825
2,2,100,0.015,0.009045226130653266,127535
2,2,100,0.015,0.009648241206030151,153700
2,2,100,0.014,0.008442211055276382,185232
2,2,100,0.015,0.008844221105527638,223232
2,2,100,0.014,0.009045226130653266,269029
2,2,100,0.014,0.009447236180904522,324221
2,2,100,0.015,0.009648241206030151,390736
2,2,100,0.015,0.009045226130653266,470896
2,2,100,0.016,0.00864321608040201,567501
2,2,100,0.016,0.009648241206030151,683925
2,2,100,0.015,0.009246231155778894,824234
2,2,100,0.015,0.009648241206030151,993327
2,2,100,0.014,0.009045226130653266,1197110
2,2,100,0.014,0.00864321608040201,1442699
2,2,100,0.014,0.009447236180904522,1738672
2,2,100,0.014,0.009045226130653266,2095364
2,2,100,0.017,0.010050251256281407,2525232
2,2,100,0.014,0.009246231155778894,3043288
2,2,100,0.015,0.009648241206030151,3667625
2,2,100,0.017,0.008844221105527638,4420045
2,2,100,0.017,0.009045226130653266,5326826
2,2,100,0.019,0.008442211055276382,6419634
2,2,100,0.016,0.009648241206030151,7736635
2,2,100,0.016,0.008844221105527638,9323820
2,2,100,0.016,0.00984924623115578,11236619
2,2,100,0.014,0.008844221105527638,13541833
2,2,100,0.016,0.009246231155778894,16319966
2,2,100,0.015,0.009648241206030151,19668038
2,2,100,0.016,0.00864321608040201,23702974
2,2,100,0.013,0.009045226130653266,28565684
2,2,100,0.017,0.009447236180904522,34425988
2,2,100,0.015,0.009648241206030151,41488545
2,2,100,0.016,0.009447236180904522,49999999
0,2,200,0.002,0.0371859296482412,1
0,2,200,0.002,0.0371859296482412,2
0,2,200,0.002,0.0371859296482412,3
0,2,200,0.002,0.0371859296482412,4
0,2,200,0.002,0.0371859296482412,5
0,2,200,0.002,0.0371859296482412,6
0,2,200,0.002,0.0371859296482412,7
0,2,200,0.002,0.0371859296482412,9
0,2,200,0.002,0.0371859296482412,11
0,2,200,0.002,0.0371859296482412,13
0,2,200,0.002,0.0371859296482412,16
0,2,200,0.002,0.0371859296482412,19
0,2,200,0.002,0.0371859296482412,23
0,2,200,0.002,0.0371859296482412,28
0,2,200,0.002,0.0371859296482412,34
0,2,200,0.002,0.0371859296482412,41
0,2,200,0.002,0.0371859296482412,50
0,2,200,0.002,0.0371859296482412,60
0,2,200,0.002,0.0371859296482412,73
0,2,200,0.002,0.0371859296482412,88
0,2,200,0.002,0.036984924623115575,106
0,2,200,0.002,0.03638190954773869,127
0,2,200,0.002,0.036180904522613064,154
0,2,200,0.002,0.036180904522613064,185
0,2,200,0.002,0.035979899497487436,223
0,2,200,0.002,0.035979899497487436,269
0,2,200,0.002,0.03577889447236181,325
0,2,200,0.002,0.03537688442211055,392
0,2,200,0.002,0.03537688442211055,472
0,2,200,0.002,0.035175879396984924,569
0,2,200,0.002,0.034974874371859296,686
0,2,200,0.002,0.03477386934673367,826
0,2,200,0.002,0.03437185929648241,996
0,2,200,0.002,0.03336683417085427,1201
0,2,200,0.002,0.032361809045226134,1447
0,2,200,0.003,0.03195979899497487,1744
0,2,200,0.004,0.028944723618090452,2102
0,2,200,0.004,0.027537688442211054,2533
0,2,200,0.004,0.026331658291457286,3053
0,2,200,0.004,0.025728643216080403,3679
0,2,200,0.004,0.023517587939698492,4434
0,2,200,0.005,0.022512562814070353,5344
0,2,200,0.005,0.022311557788944725,6441
0,2,200,0.006,0.019899497487437186,7762
0,2,200,0.006,0.018693467336683416,9355
0,2,200,0.007,0.01628140703517588,11274
0,2,200,0.008,0.01306532663316583,13587
0,2,200,0.009,0.009447236180904522,16374
0,2,200,0.009,0.007839195979899497,19733
0,2,200,0.008,0.0066331658291457285,23782
0,2,200,0.008,0.005025125628140704,28661
0,2,200,0.008,0.004221105527638191,34541
0,2,200,0.009,0.004221105527638191,41627
0,2,200,0.009,0.0036180904522613066,50167
0,2,200,0.009,0.003417085427135678,60459
0,2,200,0.009,0.003417085427135678,72863
0,2,200,0.009,0.003417085427135678,87811
0,2,200,0.009,0.003417085427135678,105825
0,2,200,0.009,0.002814070351758794,127535
0,2,200,0.009,0.003417085427135678,153700
0,2,200,0.009,0.003015075376884422,185232
0,2,200,0.009,0.0032160804020100503,223232
0,2,200,0.009,0.003417085427135678,269029
0,2,200,0.009,0.003015075376884422,324221
0,2,200,0.009,0.0036180904522613066,390736
0,2,200,0.01,0.003819095477386935,470896
0,2,200,0.009,0.003417085427135678,567501
0,2,200,0.009,0.003417085427135678,683925
0,2,200,0.009,0.0032160804020100503,824234
0,2,200,0.009,0.0032160804020100503,993327
0,2,200,0.009,0.0032160804020100503,1197110
0,2,200,0.009,0.003819095477386935,1442699
0,2,200,0.009,0.002814070351758794,1738672
0,2,200,0.009,0.0032160804020100503,2095364
0,2,200,0.01,0.003417085427135678,2525232
0,2,200,0.009,0.003417085427135678,3043288
0,2,200,0.009,0.003417085427135678,3667625
0,2,200,0.01,0.003015075376884422,4420045
0,2,200,0.009,0.003417085427135678,5326826
0,2,200,0.01,0.002814070351758794,6419634
0,2,200,0.009,0.003015075376884422,7736635
0,2,200,0.009,0.003015075376884422,9323820
0,2,200,0.009,0.003417085427135678,11236619
0,2,200,0.009,0.003417085427135678,13541833
0,2,200,0.009,0.003417085427135678,16319966
0,2,200,0.01,0.0032160804020100503,19668038
0,2,200,0.01,0.0032160804020100503,23702974
0,2,200,0.009,0.0036180904522613066,28565684
0,2,200,0.01,0.0036180904522613066,34425988
0,2,200,0.009,0.0036180904522613066,41488545
0,2,200,0.009,0.0036180904522613066,49999999
1,2,200,0.003,0.03638190954773869,1
1,2,200,0.003,0.03638190954773869,2
1,2,200,0.003,0.03638190954773869,3
1,2,200,0.003,0.03638190954773869,4
1,2,200,0.003,0.03638190954773869,5
1,2,200,0.003,0.03638190954773869,6
1,2,200,0.003,0.03638190954773869,7
1,2,200,0.003,0.03638190954773869,9
1,2,200,0.003,0.03638190954773869,11
1,2,200,0.003,0.03638190954773869,13
1,2,200,0.003,0.03638190954773869,16
1,2,200,0.003,0.03638190954773869,19
1,2,200,0.003,0.03638190954773869,23
1,2,200,0.003,0.03557788944723618,28
1,2,200,0.003,0.03557788944723618,34
1,2,200,0.003,0.03557788944723618,41
1,2,200,0.003,0.03557788944723618,50
1,2,200,0.003,0.03537688442211055,60
1,2,200,0.003,0.03537688442211055,73
1,2,200,0.003,0.03537688442211055,88
1,2,200,0.003,0.03537688442211055,106
1,2,200,0.003,0.03537688442211055,127
1,2,200,0.003,0.03537688442211055,154
1,2,200,0.003,0.035175879396984924,185
1,2,200,0.003,0.034974874371859296,223
1,2,200,0.003,0.034974874371859296,269
1,2,200,0.003,0.03437185929648241,325
1,2,200,0.003,0.03437185929648241,392
1,2,200,0.004,0.034170854271356785,472
1,2,200,0.004,0.034170854271356785,569
1,2,200,0.005,0.03396984924623116,686
1,2,200,0.005,0.03336683417085427,826
1,2,200,0.005,0.03296482412060302,996
1,2,200,0.005,0.03296482412060302,1201
1,2,200,0.005,0.032361809045226134,1447
1,2,200,0.005,0.031557788944723615,1744
1,2,200,0.006,0.030351758793969848,2102
1,2,200,0.006,0.028542713567839197,2533
1,2,200,0.006,0.028542713567839197,3053
1,2,200,0.006,0.027135678391959798,3679
1,2,200,0.006,0.02592964824120603,4434
1,2,200,0.007,0.023115577889447236,5344
1,2,200,0.007,0.020703517587939698,6441
1,2,200,0.006,0.018894472361809043,7762
1,2,200,0.007,0.01628140703517588,9355
1,2,200,0.008,0.013266331658291457,11274
1,2,200,0.008,0.012663316582914573,13587
1,2,200,0.007,0.010653266331658291,16374
1,2,200,0.008,0.008442211055276382,19733
1,2,200,0.009,0.006432160804020101,23782
1,2,200,0.009,0.005829145728643216,28661
1,2,200,0.011,0.004623115577889447,34541
1,2,200,0.01,0.004221105527638191,41627
1,2,200,0.01,0.003417085427135678,50167
1,2,200,0.011,0.003417085427135678,60459
1,2,200,0.011,0.003819095477386935,72863
1,2,200,0.011,0.003819095477386935,87811
1,2,200,0.011,0.004221105527638191,105825
1,2,200,0.01,0.0032160804020100503,127535
1,2,200,0.012,0.003417085427135678,153700
1,2,200,0.011,0.003417085427135678,185232
1,2,200,0.011,0.0032160804020100503,223232
1,2,200,0.011,0.003417085427135678,269029
1,2,200,0.01,0.004020100502512563,324221
1,2,200,0.01,0.003819095477386935,390736
1,2,200,0.01,0.003819095477386935,470896
1,2,200,0.012,0.003417085427135678,567501
1,2,200,0.011,0.0036180904522613066,683925
1,2,200,0.011,0.0036180904522613066,824234
1,2,200,0.011,0.003417085427135678,993327
1,2,200,0.011,0.0036180904522613066,1197110
1,2,200,0.012,0.003819095477386935,1442699
1,2,200,0.011,0.003417085427135678,1738672
1,2,200,0.011,0.004221105527638191,2095364
1,2,200,0.01,0.004020100502512563,2525232
1,2,200,0.012,0.004020100502512563,3043288
1,2,200,0.012,0.0036180904522613066,3667625
1,2,200,0.011,0.003417085427135678,4420045
1,2,200,0.011,0.0032160804020100503,5326826
1,2,200,0.011,0.004221105527638191,6419634
1,2,200,0.01,0.003417085427135678,7736635
1,2,200,0.011,0.004422110552763819,9323820
1,2,200,0.01,0.004422110552763819,11236619
1,2,200,0.012,0.003417085427135678,13541833
1,2,200,0.011,0.004623115577889447,16319966
1,2,200,0.012,0.0036180904522613066,19668038
1,2,200,0.01,0.0036180904522613066,23702974
1,2,200,0.012,0.004020100502512563,28565684
1,2,200,0.011,0.004221105527638191,34425988
1,2,200,0.011,0.004020100502512563,41488545
1,2,200,0.012,0.003015075376884422,49999999
2,2,200,0.002,0.038592964824120606,1
2,2,200,0.002,0.038592964824120606,2
2,2,200,0.002,0.038592964824120606,3
2,2,200,0.002,0.038592964824120606,4
2,2,200,0.002,0.038592964824120606,5
2,2,200,0.002,0.038592964824120606,6
2,2,200,0.002,0.038592964824120606,7
2,2,200,0.002,0.038592964824120606,9
2,2,200,0.002,0.038592964824120606,11
2,2,200,0.002,0.038592964824120606,13
2,2,200,0.002,0.038592964824120606,16
2,2,200,0.002,0.038592964824120606,19
2,2,200,0.002,0.038592964824120606,23
2,2,200,0.002,0.038592964824120606,28
2,2,200,0.002,0.038592964824120606,34
2,2,200,0.002,0.038592964824120606,41
2,2,200,0.002,0.038592964824120606,50
2,2,200,0.002,0.038592964824120606,60
2,2,200,0.002,0.038592964824120606,73
2,2,200,0.002,0.038592964824120606,88
2,2,200,0.002,0.038592964824120606,106
2,2,200,0.002,0.038592964824120606,127
2,2,200,0.002,0.038592964824120606,154
2,2,200,0.002,0.038592964824120606,185
2,2,200,0.002,0.03839195979899498,223
2,2,200,0.002,0.03839195979899498,269
2,2,200,0.002,0.03819095477386935,325
2,2,200,0.002,0.03798994974874372,392
2,2,200,0.002,0.03778894472361809,472
2,2,200,0.002,0.03778894472361809,569
2,2,200,0.003,0.036180904522613064,686
2,2,200,0.003,0.03557788944723618,826
2,2,200,0.003,0.034974874371859296,996
2,2,200,0.003,0.03437185929648241,1201
2,2,200,0.003,0.03376884422110553,1447
2,2,200,0.003,0.03256281407035176,1744
2,2,200,0.003,0.031557788944723615,2102
2,2,200,0.003,0.03135678391959799,2533
2,2,200,0.004,0.029748743718592964,3053
2,2,200,0.004,0.027537688442211054,3679
2,2,200,0.006,0.02613065326633166,4434
2,2,200,0.006,0.023517587939698492,5344
2,2,200,0.006,0.022512562814070353,6441
2,2,200,0.007,0.020301507537688442,7762
2,2,200,0.009,0.01829145728643216,9355
2,2,200,0.009,0.017688442211055276,11274
2,2,200,0.009,0.015678391959798994,13587
2,2,200,0.009,0.013869346733668343,16374
2,2,200,0.011,0.010050251256281407,19733
2,2,200,0.011,0.008844221105527638,23782
2,2,200,0.011,0.008442211055276382,28661
2,2,200,0.011,0.00763819095477387,34541
2,2,200,0.013,0.006432160804020101,41627
2,2,200,0.015,0.005427135678391959,50167
2,2,200,0.019,0.005427135678391959,60459
2,2,200,0.011,0.007437185929648241,72863
2,2,200,0.013,0.006030150753768844,87811
2,2,200,0.018,0.004623115577889447,105825
2,2,200,0.015,0.004824120603015076,127535
2,2,200,0.015,0.005427135678391959,153700
2,2,200,0.021,0.004221105527638191,185232
2,2,200,0.014,0.005829145728643216,223232
2,2,200,0.013,0.006030150753768844,269029
2,2,200,0.015,0.005427135678391959,324221
2,2,200,0.016,0.005628140703517588,390736
2,2,200,0.017,0.005628140703517588,470896
2,2,200,0.014,0.005427135678391959,567501
2,2,200,0.017,0.006030150753768844,683925
2,2,200,0.016,0.0066331658291457285,824234
2,2,200,0.015,0.005829145728643216,993327
2,2,200,0.016,0.005829145728643216,1197110
2,2,200,0.014,0.005025125628140704,1442699
2,2,200,0.021,0.004824120603015076,1738672
2,2,200,0.014,0.005427135678391959,2095364
2,2,200,0.015,0.005829145728643216,2525232
2,2,200,0.021,0.004422110552763819,3043288
2,2,200,0.014,0.0052261306532663315,3667625
2,2,200,0.019,0.0052261306532663315,4420045
2,2,200,0.013,0.0066331658291457285,5326826
2,2,200,0.022,0.004221105527638191,6419634
2,2,200,0.014,0.006231155778894473,7736635
2,2,200,0.021,0.004824120603015076,9323820
2,2,200,0.02,0.004422110552763819,11236619
2,2,200,0.016,0.005628140703517588,13541833
2,2,200,0.017,0.005427135678391959,16319966
2,2,200,0.015,0.0052261306532663315,19668038
2,2,200,0.013,0.007035175879396985,23702974
2,2,200,0.021,0.004824120603015076,28565684
2,2,200,0.015,0.005025125628140704,34425988
2,2,200,0.021,0.004824120603015076,41488545
2,2,200,0.014,0.006432160804020101,49999999
0,10,1,0.001,0.9736683417085427,1
0,10,1,0.001,0.9736683417085427,2
0,10,1,0.001,0.9736683417085427,3
0,10,1,0.001,0.9736683417085427,4
0,10,1,0.001,0.9736683417085427,5
0,10,1,0.001,0.9736683417085427,6
0,10,1,0.001,0.9736683417085427,7
0,10,1,0.001,0.9736683417085427,9
0,10,1,0.001,0.9736683417085427,11
0,10,1,0.001,0.9736683417085427,13
0,10,1,0.001,0.9736683417085427,16
0,10,1,0.001,0.9736683417085427,19
0,10,1,0.001,0.9736683417085427,23
0,10,1,0.001,0.9736683417085427,28
0,10,1,0.001,0.9736683417085427,34
0,10,1,0.001,0.9736683417085427,41
0,10,1,0.001,0.9734673366834171,50
0,10,1,0.001,0.9734673366834171,60
0,10,1,0.001,0.9734673366834171,73
0,10,1,0.001,0.9736683417085427,88
0,10,1,0.001,0.9736683417085427,106
0,10,1,0.001,0.9736683417085427,127
0,10,1,0.001,0.9734673366834171,154
0,10,1,0.001,0.9732663316582915,185
0,10,1,0.001,0.9730653266331658,223
0,10,1,0.001,0.9722613065326633,269
0,10,1,0.001,0.9726633165829146,325
0,10,1,0.001,0.972462311557789,392
0,10,1,0.001,0.9730653266331658,472
0,10,1,0.001,0.9736683417085427,569
0,10,1,0.001,0.9738693467336683,686
0,10,1,0.001,0.9744723618090452,826
0,10,1,0.002,0.9746733668341708,996
0,10,1,0.002,0.9736683417085427,1201
0,10,1,0.002,0.974070351758794,1447
0,10,1,0.002,0.9742713567839196,1744
0,10,1,0.002,0.9750753768844221,2102
0,10,1,0.001,0.9744723618090452,2533
0,10,1,0.001,0.9752763819095477,3053
0,10,1,0.002,0.9764824120603015,3679
0,10,1,0.002,0.9768844221105528,4434
0,10,1,0.002,0.9764824120603015,5344
0,10,1,0.002,0.9754773869346733,6441
0,10,1,0.002,0.9752763819095477,7762
0,10,1,0.002,0.975678391959799,9355
0,10,1,0.002,0.9774874371859297,11274
0,10,1,0.003,0.9798994974874372,13587
0,10,1,0.003,0.9786934673366834,16374
0,10,1,0.003,0.977286432160804,19733
0,10,1,0.002,0.9798994974874372,23782
0,10,1,0.006,0.9790954773869347,28661
0,10,1,0.006,0.9803015075376884,34541
0,10,1,0.009,0.9861306532663316,41627
0,10,1,0.019,0.9825125628140704,50167
0,10,1,0.077,0.9541708542713568,60459
0,10,1,0.096,0.9340703517587939,72863
0,10,1,0.381,0.7429145728643216,87811
0,10,1,0.723,0.39376884422110553,105825
0,10,1,0.87,0.198391959798995,127535
0,10,1,1.0,0.0,153700
0,10,1,1.0,0.0,185232
0,10,1,1.0,0.0,223232
0,10,1,1.0,0.0,269029
0,10,1,1.0,0.0,324221
0,10,1,1.0,0.0,390736
0,10,1,1.0,0.0,470896
0,10,1,1.0,0.0,567501
0,10,1,1.0,0.0,683925
0,10,1,1.0,0.0,824234
0,10,1,1.0,0.0,993327
0,10,1,1.0,0.0,1197110
0,10,1,1.0,0.0,1442699
0,10,1,1.0,0.0,1738672
0,10,1,1.0,0.0,2095364
0,10,1,1.0,0.0,2525232
0,10,1,1.0,0.0,3043288
0,10,1,1.0,0.0,3667625
0,10,1,1.0,0.0,4420045
0,10,1,1.0,0.0,5326826
0,10,1,1.0,0.0,6419634
0,10,1,1.0,0.0,7736635
0,10,1,1.0,0.0,9323820
0,10,1,1.0,0.0,11236619
0,10,1,1.0,0.0,13541833
0,10,1,1.0,0.0,16319966
0,10,1,1.0,0.0,19668038
0,10,1,1.0,0.0,23702974
0,10,1,1.0,0.0,28565684
0,10,1,1.0,0.0,34425988
0,10,1,1.0,0.0,41488545
0,10,1,1.0,0.0,49999999
1,10,1,0.001,0.9758793969849247,1
1,10,1,0.001,0.9760804020100502,2
1,10,1,0.001,0.9760804020100502,3
1,10,1,0.001,0.9760804020100502,4
1,10,1,0.001,0.9760804020100502,5
1,10,1,0.001,0.9760804020100502,6
1,10,1,0.001,0.9760804020100502,7
1,10,1,0.001,0.9762814070351759,9
1,10,1,0.001,0.9762814070351759,11
1,10,1,0.001,0.9762814070351759,13
1,10,1,0.001,0.9762814070351759,16
1,10,1,0.001,0.9762814070351759,19
1,10,1,0.001,0.9762814070351759,23
1,10,1,0.001,0.9762814070351759,28
1,10,1,0.001,0.9762814070351759,34
1,10,1,0.001,0.9762814070351759,41
1,10,1,0.001,0.9764824120603015,50
1,10,1,0.001,0.9764824120603015,60
1,10,1,0.001,0.9760804020100502,73
1,10,1,0.001,0.9758793969849247,88
1,10,1,0.001,0.9758793969849247,106
1,10,1,0.001,0.9758793969849247,127
1,10,1,0.001,0.9760804020100502,154
1,10,1,0.001,0.9764824120603015,185
1,10,1,0.001,0.9766834170854272,223
1,10,1,0.001,0.9768844221105528,269
1,10,1,0.001,0.9768844221105528,325
1,10,1,0.001,0.9764824120603015,392
1,10,1,0.001,0.9764824120603015,472
1,10,1,0.001,0.9768844221105528,569
1,10,1,0.001,0.9770854271356784,686
1,10,1,0.001,0.9774874371859297,826
1,10,1,0.001,0.9764824120603015,996
1,10,1,0.001,0.9764824120603015,1201
1,10,1,0.001,0.9760804020100502,1447
1,10,1,0.001,0.9754773869346733,1744
1,10,1,0.002,0.9754773869346733,2102
1,10,1,0.001,0.9750753768844221,2533
1,10,1,0.001,0.972462311557789,3053
1,10,1,0.002,0.9726633165829146,3679
1,10,1,0.002,0.9736683417085427,4434
1,10,1,0.002,0.9734673366834171,5344
1,10,1,0.002,0.9748743718592965,6441
1,10,1,0.002,0.975678391959799,7762
1,10,1,0.002,0.9798994974874372,9355
1,10,1,0.003,0.9813065326633166,11274
1,10,1,0.002,0.9792964824120604,13587
1,10,1,0.004,0.9839195979899498,16374
1,10,1,0.004,0.9819095477386934,19733
1,10,1,0.007,0.9849246231155779,23782
1,10,1,0.007,0.9839195979899498,28661
1,10,1,0.024,0.9805025125628141,34541
1,10,1,0.022,0.9815075376884422,41627
1,10,1,0.036,0.9780904522613065,50167
1,10,1,0.032,0.9801005025125629,60459
1,10,1,0.086,0.9507537688442211,72863
1,10,1,0.105,0.9175879396984925,87811
1,10,1,0.762,0.3320603015075377,105825
1,10,1,0.998,0.0020100502512562816,127535
1,10,1,1.0,0.0,153700
1,10,1,1.0,0.0,185232
1,10,1,1.0,0.0,223232
1,10,1,1.0,0.0,269029
1,10,1,1.0,0.0,324221
1,10,1,1.0,0.0,390736
1,10,1,1.0,0.0,470896
1,10,1,1.0,0.0,567501
1,10,1,1.0,0.0,683925
1,10,1,1.0,0.0,824234
1,10,1,1.0,0.0,993327
1,10,1,1.0,0.0,1197110
1,10,1,1.0,0.0,1442699
1,10,1,1.0,0.0,1738672
1,10,1,1.0,0.0,2095364
1,10,1,1.0,0.0,2525232
1,10,1,1.0,0.0,3043288
1,10,1,1.0,0.0,3667625
1,10,1,1.0,0.0,4420045
1,10,1,1.0,0.0,5326826
1,10,1,1.0,0.0,6419634
1,10,1,1.0,0.0,7736635
1,10,1,1.0,0.0,9323820
1,10,1,1.0,0.0,11236619
1,10,1,1.0,0.0,13541833
1,10,1,1.0,0.0,16319966
1,10,1,1.0,0.0,19668038
1,10,1,1.0,0.0,23702974
1,10,1,1.0,0.0,28565684
1,10,1,1.0,0.0,34425988
1,10,1,1.0,0.0,41488545
1,10,1,1.0,0.0,49999999
2,10,1,0.001,0.9730653266331658,1
2,10,1,0.001,0.9730653266331658,2
2,10,1,0.001,0.9730653266331658,3
2,10,1,0.001,0.9730653266331658,4
2,10,1,0.001,0.9730653266331658,5
2,10,1,0.001,0.9730653266331658,6
2,10,1,0.001,0.9730653266331658,7
2,10,1,0.001,0.9730653266331658,9
2,10,1,0.001,0.9730653266331658,11
2,10,1,0.001,0.9730653266331658,13
2,10,1,0.001,0.9732663316582915,16
2,10,1,0.001,0.9730653266331658,19
2,10,1,0.001,0.9730653266331658,23
2,10,1,0.001,0.9732663316582915,28
2,10,1,0.001,0.9734673366834171,34
2,10,1,0.001,0.9734673366834171,41
2,10,1,0.001,0.9734673366834171,50
2,10,1,0.001,0.9734673366834171,60
2,10,1,0.001,0.9734673366834171,73
2,10,1,0.001,0.9738693467336683,88
2,10,1,0.001,0.9738693467336683,106
2,10,1,0.001,0.9738693467336683,127
2,10,1,0.001,0.974070351758794,154
2,10,1,0.001,0.974070351758794,185
2,10,1,0.001,0.974070351758794,223
2,10,1,0.001,0.9744723618090452,269
2,10,1,0.001,0.9746733668341708,325
2,10,1,0.001,0.9746733668341708,392
2,10,1,0.001,0.9746733668341708,472
2,10,1,0.001,0.974070351758794,569
2,10,1,0.001,0.9742713567839196,686
2,10,1,0.001,0.974070351758794,826
2,10,1,0.001,0.9744723618090452,996
2,10,1,0.001,0.9752763819095477,1201
2,10,1,0.001,0.9766834170854272,1447
2,10,1,0.002,0.9760804020100502,1744
2,10,1,0.002,0.9782914572864322,2102
2,10,1,0.002,0.978894472361809,2533
2,10,1,0.002,0.9786934673366834,3053
2,10,1,0.002,0.978894472361809,3679
2,10,1,0.002,0.978894472361809,4434
2,10,1,0.002,0.9790954773869347,5344
2,10,1,0.003,0.9768844221105528,6441
2,10,1,0.002,0.9782914572864322,7762
2,10,1,0.002,0.9796984924623116,9355
2,10,1,0.002,0.9754773869346733,11274
2,10,1,0.002,0.9776884422110553,13587
2,10,1,0.002,0.9801005025125629,16374
2,10,1,0.002,0.9809045226130654,19733
2,10,1,0.002,0.984321608040201,23782
2,10,1,0.004,0.9809045226130654,28661
2,10,1,0.004,0.9837185929648241,34541
2,10,1,0.004,0.9839195979899498,41627
2,10,1,0.014,0.9817085427135679,50167
2,10,1,0.038,0.9682412060301507,60459
2,10,1,0.399,0.6880402010050252,72863
2,10,1,0.86,0.2213065326633166,87811
2,10,1,0.996,0.003015075376884422,105825
2,10,1,0.999,0.0,127535
2,10,1,0.999,0.0,153700
2,10,1,0.999,0.0,185232
2,10,1,0.999,0.0,223232
2,10,1,0.999,0.0,269029
2,10,1,0.999,0.0,324221
2,10,1,0.999,0.0,390736
2,10,1,0.999,0.0,470896
2,10,1,0.999,0.0,567501
2,10,1,0.999,0.0,683925
2,10,1,0.999,0.0,824234
2,10,1,0.999,0.0,993327
2,10,1,0.999,0.0,1197110
2,10,1,0.999,0.0,1442699
2,10,1,0.999,0.0,1738672
2,10,1,0.999,0.0,2095364
2,10,1,0.999,0.0,2525232
2,10,1,0.999,0.0,3043288
2,10,1,0.999,0.0,3667625
2,10,1,0.999,0.0,4420045
2,10,1,0.999,0.0,5326826
2,10,1,0.999,0.0,6419634
2,10,1,0.999,0.0,7736635
2,10,1,0.999,0.0,9323820
2,10,1,0.999,0.0,11236619
2,10,1,0.999,0.0,13541833
2,10,1,0.999,0.0,16319966
2,10,1,0.999,0.0,19668038
2,10,1,0.999,0.0,23702974
2,10,1,0.999,0.0,28565684
2,10,1,0.999,0.0,34425988
2,10,1,0.999,0.0,41488545
2,10,1,0.999,0.0,49999999
0,10,10,0.001,0.6082412060301507,1
0,10,10,0.001,0.6082412060301507,2
0,10,10,0.001,0.6082412060301507,3
0,10,10,0.001,0.6082412060301507,4
0,10,10,0.001,0.6082412060301507,5
0,10,10,0.001,0.6082412060301507,6
0,10,10,0.001,0.6084422110552764,7
0,10,10,0.001,0.6084422110552764,9
0,10,10,0.001,0.6084422110552764,11
0,10,10,0.001,0.6084422110552764,13
0,10,10,0.001,0.6084422110552764,16
0,10,10,0.001,0.6084422110552764,19
0,10,10,0.001,0.6084422110552764,23
0,10,10,0.001,0.6084422110552764,28
0,10,10,0.001,0.6084422110552764,34
0,10,10,0.001,0.6084422110552764,41
0,10,10,0.001,0.6082412060301507,50
0,10,10,0.001,0.6082412060301507,60
0,10,10,0.001,0.6082412060301507,73
0,10,10,0.001,0.6082412060301507,88
0,10,10,0.001,0.6082412060301507,106
0,10,10,0.001,0.6084422110552764,127
0,10,10,0.001,0.6080402010050251,154
0,10,10,0.001,0.6080402010050251,185
0,10,10,0.001,0.6080402010050251,223
0,10,10,0.001,0.6078391959798995,269
0,10,10,0.001,0.6076381909547739,325
0,10,10,0.001,0.6076381909547739,392
0,10,10,0.001,0.6076381909547739,472
0,10,10,0.001,0.607035175879397,569
0,10,10,0.001,0.6076381909547739,686
0,10,10,0.001,0.6080402010050251,826
0,10,10,0.001,0.6086432160804021,996
0,10,10,0.001,0.6086432160804021,1201
0,10,10,0.001,0.6090452261306533,1447
0,10,10,0.001,0.6088442211055276,1744
0,10,10,0.001,0.6092462311557789,2102
0,10,10,0.001,0.6062311557788945,2533
0,10,10,0.001,0.6064321608040201,3053
0,10,10,0.001,0.6084422110552764,3679
0,10,10,0.001,0.6092462311557789,4434
0,10,10,0.001,0.6100502512562814,5344
0,10,10,0.001,0.615678391959799,6441
0,10,10,0.001,0.6162814070351759,7762
0,10,10,0.001,0.6168844221105527,9355
0,10,10,0.002,0.6211055276381909,11274
0,10,10,0.001,0.6239195979899498,13587
0,10,10,0.002,0.6277386934673367,16374
0,10,10,0.001,0.6393969849246232,19733
0,10,10,0.002,0.6428140703517587,23782
0,10,10,0.002,0.6496482412060302,28661
0,10,10,0.002,0.6546733668341709,34541
0,10,10,0.002,0.6657286432160804,41627
0,10,10,0.003,0.6816080402010051,50167
0,10,10,0.003,0.7023115577889447,60459
0,10,10,0.005,0.7202010050251256,72863
0,10,10,0.013,0.7394974874371859,87811
0,10,10,0.053,0.7539698492462311,105825
0,10,10,0.199,0.6916582914572864,127535
0,10,10,0.647,0.24904522613065327,153700
0,10,10,0.841,0.025728643216080403,185232
0,10,10,0.855,0.007839195979899497,223232
0,10,10,0.856,0.006834170854271356,269029
0,10,10,0.856,0.006030150753768844,324221
0,10,10,0.856,0.005829145728643216,390736
0,10,10,0.856,0.005427135678391959,470896
0,10,10,0.856,0.006030150753768844,567501
0,10,10,0.856,0.005829145728643216,683925
0,10,10,0.856,0.0052261306532663315,824234
0,10,10,0.856,0.005628140703517588,993327
0,10,10,0.856,0.005628140703517588,1197110
0,10,10,0.856,0.006030150753768844,1442699
0,10,10,0.856,0.0052261306532663315,1738672
0,10,10,0.856,0.006231155778894473,2095364
0,10,10,0.856,0.00763819095477387,2525232
0,10,10,0.856,0.005829145728643216,3043288
0,10,10,0.856,0.006030150753768844,3667625
0,10,10,0.856,0.006432160804020101,4420045
0,10,10,0.856,0.0052261306532663315,5326826
0,10,10,0.856,0.005829145728643216,6419634
0,10,10,0.856,0.007236180904522613,7736635
0,10,10,0.856,0.006030150753768844,9323820
0,10,10,0.856,0.005427135678391959,11236619
0,10,10,0.856,0.005829145728643216,13541833
0,10,10,0.856,0.006030150753768844,16319966
0,10,10,0.856,0.006432160804020101,19668038
0,10,10,0.856,0.005829145728643216,23702974
0,10,10,0.856,0.005628140703517588,28565684
0,10,10,0.856,0.005829145728643216,34425988
0,10,10,0.856,0.006231155778894473,41488545
0,10,10,0.856,0.005628140703517588,49999999
1,10,10,0.001,0.5975879396984924,1
1,10,10,0.001,0.5975879396984924,2
1,10,10,0.001,0.5975879396984924,3
1,10,10,0.001,0.5975879396984924,4
1,10,10,0.001,0.5975879396984924,5
1,10,10,0.001,0.5975879396984924,6
1,10,10,0.001,0.5975879396984924,7
1,10,10,0.001,0.5975879396984924,9
1,10,10,0.001,0.5975879396984924,11
1,10,10,0.001,0.5975879396984924,13
1,10,10,0.001,0.5975879396984924,16
1,10,10,0.001,0.5975879396984924,19
1,10,10,0.001,0.5975879396984924,23
1,10,10,0.001,0.5975879396984924,28
1,10,10,0.001,0.5975879396984924,34
1,10,10,0.001,0.5975879396984924,41
1,10,10,0.001,0.5973869346733668,50
1,10,10,0.001,0.5973869346733668,60
1,10,10,0.001,0.5973869346733668,73
1,10,10,0.001,0.5971859296482412,88
1,10,10,0.001,0.5971859296482412,106
1,10,10,0.001,0.5971859296482412,127
1,10,10,0.001,0.5971859296482412,154
1,10,10,0.001,0.5971859296482412,185
1,10,10,0.001,0.5973869346733668,223
1,10,10,0.001,0.5975879396984924,269
1,10,10,0.001,0.5977889447236181,325
1,10,10,0.001,0.5973869346733668,392
1,10,10,0.001,0.5975879396984924,472
1,10,10,0.001,0.5975879396984924,569
1,10,10,0.001,0.5965829145728643,686
1,10,10,0.001,0.5965829145728643,826
1,10,10,0.001,0.5971859296482412,996
1,10,10,0.001,0.5963819095477387,1201
1,10,10,0.001,0.5953768844221106,1447
1,10,10,0.001,0.5941708542713567,1744
1,10,10,0.001,0.5931658291457287,2102
1,10,10,0.001,0.5949748743718593,2533
1,10,10,0.001,0.5939698492462312,3053
1,10,10,0.001,0.5947738693467337,3679
1,10,10,0.001,0.5959798994974874,4434
1,10,10,0.001,0.5967839195979899,5344
1,10,10,0.001,0.5957788944723618,6441
1,10,10,0.001,0.5957788944723618,7762
1,10,10,0.001,0.598391959798995,9355
1,10,10,0.001,0.6010050251256281,11274
1,10,10,0.002,0.6062311557788945,13587
1,10,10,0.002,0.6138693467336683,16374
1,10,10,0.002,0.6198994974874372,19733
1,10,10,0.002,0.6317587939698492,23782
1,10,10,0.002,0.6408040201005025,28661
1,10,10,0.002,0.6448241206030151,34541
1,10,10,0.003,0.659497487437186,41627
1,10,10,0.003,0.6789949748743719,50167
1,10,10,0.005,0.699497487437186,60459
1,10,10,0.01,0.7153768844221106,72863
1,10,10,0.012,0.7376884422110552,87811
1,10,10,0.031,0.7376884422110552,105825
1,10,10,0.097,0.7067336683417086,127535
1,10,10,0.226,0.5819095477386935,153700
1,10,10,0.401,0.29326633165829147,185232
1,10,10,0.512,0.058894472361809044,223232
1,10,10,0.484,0.08884422110552764,269029
1,10,10,0.425,0.15437185929648242,324221
1,10,10,0.515,0.031155778894472363,390736
1,10,10,0.497,0.044020100502512566,470896
1,10,10,0.432,0.1306532663316583,567501
1,10,10,0.432,0.17748743718592966,683925
1,10,10,0.432,0.2594974874371859,824234
1,10,10,0.432,0.26552763819095476,993327
1,10,10,0.432,0.17266331658291456,1197110
1,10,10,0.432,0.21527638190954773,1442699
1,10,10,0.432,0.22814070351758794,1738672
1,10,10,0.432,0.32060301507537686,2095364
1,10,10,0.432,0.14834170854271356,2525232
1,10,10,0.432,0.15336683417085428,3043288
1,10,10,0.432,0.2757788944723618,3667625
1,10,10,0.52,0.029547738693467336,4420045
1,10,10,0.534,0.014271356783919598,5326826
1,10,10,0.432,0.3005025125628141,6419634
1,10,10,0.518,0.028743718592964825,7736635
1,10,10,0.432,0.2544723618090452,9323820
1,10,10,0.432,0.31899497487437184,11236619
1,10,10,0.432,0.24663316582914574,13541833
1,10,10,0.432,0.30592964824120605,16319966
1,10,10,0.432,0.295678391959799,19668038
1,10,10,0.429,0.2992964824120603,23702974
1,10,10,0.432,0.1264321608040201,28565684
1,10,10,0.432,0.13266331658291458,34425988
1,10,10,0.43,0.22030150753768843,41488545
1,10,10,0.432,0.1857286432160804,49999999
2,10,10,0.001,0.5997989949748743,1
2,10,10,0.001,0.5997989949748743,2
2,10,10,0.001,0.5997989949748743,3
2,10,10,0.001,0.5997989949748743,4
2,10,10,0.001,0.5997989949748743,5
2,10,10,0.001,0.5997989949748743,6
2,10,10,0.001,0.5997989949748743,7
2,10,10,0.001,0.5997989949748743,9
2,10,10,0.001,0.5997989949748743,11
2,10,10,0.001,0.5997989949748743,13
2,10,10,0.001,0.5997989949748743,16
2,10,10,0.001,0.5997989949748743,19
2,10,10,0.001,0.5995979899497488,23
2,10,10,0.001,0.5995979899497488,28
2,10,10,0.001,0.5995979899497488,34
2,10,10,0.001,0.5995979899497488,41
2,10,10,0.001,0.5993969849246231,50
2,10,10,0.001,0.5991959798994975,60
2,10,10,0.001,0.5991959798994975,73
2,10,10,0.001,0.5993969849246231,88
2,10,10,0.001,0.5993969849246231,106
2,10,10,0.001,0.5995979899497488,127
2,10,10,0.001,0.5993969849246231,154
2,10,10,0.001,0.5993969849246231,185
2,10,10,0.001,0.5991959798994975,223
2,10,10,0.001,0.5987939698492463,269
2,10,10,0.001,0.598391959798995,325
2,10,10,0.001,0.5985929648241206,392
2,10,10,0.001,0.5979899497487438,472
2,10,10,0.001,0.5975879396984924,569
2,10,10,0.001,0.5981909547738693,686
2,10,10,0.001,0.5985929648241206,826
2,10,10,0.001,0.5985929648241206,996
2,10,10,0.001,0.5987939698492463,1201
2,10,10,0.001,0.5987939698492463,1447
2,10,10,0.001,0.5991959798994975,1744
2,10,10,0.001,0.5997989949748743,2102
2,10,10,0.001,0.6006030150753768,2533
2,10,10,0.001,0.6020100502512563,3053
2,10,10,0.001,0.6002010050251256,3679
2,10,10,0.001,0.6,4434
2,10,10,0.001,0.6004020100502513,5344
2,10,10,0.001,0.6038190954773869,6441
2,10,10,0.001,0.6036180904522613,7762
2,10,10,0.001,0.6034170854271357,9355
2,10,10,0.001,0.6062311557788945,11274
2,10,10,0.001,0.6072361809045226,13587
2,10,10,0.001,0.6102512562814071,16374
2,10,10,0.002,0.6150753768844222,19733
2,10,10,0.002,0.6235175879396985,23782
2,10,10,0.002,0.64,28661
2,10,10,0.003,0.6428140703517587,34541
2,10,10,0.004,0.653467336683417,41627
2,10,10,0.003,0.6691457286432161,50167
2,10,10,0.004,0.6910552763819096,60459
2,10,10,0.009,0.7017085427135679,72863
2,10,10,0.015,0.7242211055276382,87811
2,10,10,0.027,0.7499497487437186,105825
2,10,10,0.037,0.782713567839196,127535
2,10,10,0.135,0.746532663316583,153700
2,10,10,0.475,0.4022110552763819,185232
2,10,10,0.751,0.042613065326633164,223232
2,10,10,0.773,0.015678391959798994,269029
2,10,10,0.773,0.014673366834170854,324221
2,10,10,0.773,0.016080402010050253,390736
2,10,10,0.773,0.013467336683417085,470896
2,10,10,0.773,0.01628140703517588,567501
2,10,10,0.773,0.016683417085427137,683925
2,10,10,0.773,0.019095477386934675,824234
2,10,10,0.773,0.01728643216080402,993327
2,10,10,0.773,0.014673366834170854,1197110
2,10,10,0.773,0.017688442211055276,1442699
2,10,10,0.773,0.017085427135678392,1738672
2,10,10,0.773,0.019296482412060303,2095364
2,10,10,0.773,0.014874371859296482,2525232
2,10,10,0.773,0.017085427135678392,3043288
2,10,10,0.773,0.016884422110552764,3667625
2,10,10,0.773,0.020703517587939698,4420045
2,10,10,0.773,0.01648241206030151,5326826
2,10,10,0.773,0.016884422110552764,6419634
2,10,10,0.773,0.014673366834170854,7736635
2,10,10,0.773,0.01969849246231156,9323820
2,10,10,0.773,0.01587939698492462,11236619
2,10,10,0.773,0.016884422110552764,13541833
2,10,10,0.773,0.01969849246231156,16319966
2,10,10,0.773,0.012462311557788945,19668038
2,10,10,0.773,0.018492462311557788,23702974
2,10,10,0.773,0.014874371859296482,28565684
2,10,10,0.773,0.014472361809045226,34425988
2,10,10,0.773,0.01527638190954774,41488545
2,10,10,0.773,0.019095477386934675,49999999
0,10,100,0.001,0.2492462311557789,1
0,10,100,0.001,0.2492462311557789,2
0,10,100,0.001,0.2492462311557789,3
0,10,100,0.001,0.2492462311557789,4
0,10,100,0.001,0.2492462311557789,5
0,10,100,0.001,0.2492462311557789,6
0,10,100,0.001,0.2492462311557789,7
0,10,100,0.001,0.2492462311557789,9
0,10,100,0.001,0.2492462311557789,11
0,10,100,0.001,0.2492462311557789,13
0,10,100,0.001,0.2492462311557789,16
0,10,100,0.001,0.2492462311557789,19
0,10,100,0.001,0.2492462311557789,23
0,10,100,0.001,0.24904522613065327,28
0,10,100,0.001,0.24904522613065327,34
0,10,100,0.001,0.24904522613065327,41
0,10,100,0.001,0.24884422110552765,50
0,10,100,0.001,0.24884422110552765,60
0,10,100,0.001,0.24884422110552765,73
0,10,100,0.001,0.24884422110552765,88
0,10,100,0.001,0.24884422110552765,106
0,10,100,0.001,0.24884422110552765,127
0,10,100,0.001,0.24884422110552765,154
0,10,100,0.001,0.24884422110552765,185
0,10,100,0.001,0.24884422110552765,223
0,10,100,0.001,0.24884422110552765,269
0,10,100,0.001,0.24884422110552765,325
0,10,100,0.001,0.24884422110552765,392
0,10,100,0.001,0.24884422110552765,472
0,10,100,0.001,0.24884422110552765,569
0,10,100,0.001,0.24884422110552765,686
0,10,100,0.001,0.24904522613065327,826
0,10,100,0.001,0.24904522613065327,996
0,10,100,0.001,0.24944723618090453,1201
0,10,100,0.001,0.24964824120603016,1447
0,10,100,0.001,0.24944723618090453,1744
0,10,100,0.001,0.24944723618090453,2102
0,10,100,0.001,0.24984924623115579,2533
0,10,100,0.001,0.2492462311557789,3053
0,10,100,0.001,0.24864321608040202,3679
0,10,100,0.001,0.24824120603015076,4434
0,10,100,0.001,0.24964824120603016,5344
0,10,100,0.001,0.24884422110552765,6441
0,10,100,0.001,0.2508542713567839,7762
0,10,100,0.001,0.2514572864321608,9355
0,10,100,0.001,0.2514572864321608,11274
0,10,100,0.001,0.2514572864321608,13587
0,10,100,0.001,0.25105527638190955,16374
0,10,100,0.002,0.25326633165829143,19733
0,10,100,0.002,0.2558793969849246,23782
0,10,100,0.002,0.2570854271356784,28661
0,10,100,0.002,0.26090452261306535,34541
0,10,100,0.002,0.26271356783919597,41627
0,10,100,0.003,0.26914572864321606,50167
0,10,100,0.003,0.27477386934673365,60459
0,10,100,0.004,0.2868341708542714,72863
0,10,100,0.011,0.28743718592964823,87811
0,10,100,0.015,0.28804020100502514,105825
0,10,100,0.039,0.2641206030150754,127535
0,10,100,0.065,0.2448241206030151,153700
0,10,100,0.109,0.1951758793969849,185232
0,10,100,0.143,0.16562814070351758,223232
0,10,100,0.166,0.12180904522613065,269029
0,10,100,0.188,0.09587939698492462,324221
0,10,100,0.193,0.09708542713567839,390736
0,10,100,0.196,0.09085427135678392,470896
0,10,100,0.197,0.08221105527638191,567501
0,10,100,0.193,0.08080402010050251,683925
0,10,100,0.196,0.0892462311557789,824234
0,10,100,0.192,0.09105527638190955,993327
0,10,100,0.196,0.11195979899497488,1197110
0,10,100,0.198,0.11557788944723618,1442699
0,10,100,0.197,0.10010050251256282,1738672
0,10,100,0.196,0.11195979899497488,2095364
0,10,100,0.198,0.08281407035175879,2525232
0,10,100,0.195,0.10914572864321608,3043288
0,10,100,0.195,0.09226130653266332,3667625
0,10,100,0.198,0.08562814070351758,4420045
0,10,100,0.196,0.09407035175879397,5326826
0,10,100,0.198,0.0878391959798995,6419634
0,10,100,0.197,0.09587939698492462,7736635
0,10,100,0.21,0.06391959798994974,9323820
0,10,100,0.197,0.06432160804020101,11236619
0,10,100,0.199,0.05467336683417085,13541833
0,10,100,0.196,0.09969849246231156,16319966
0,10,100,0.199,0.08482412060301507,19668038
0,10,100,0.196,0.10552763819095477,23702974
0,10,100,0.203,0.08402010050251256,28565684
0,10,100,0.197,0.11095477386934674,34425988
0,10,100,0.198,0.09608040201005025,41488545
0,10,100,0.197,0.1093467336683417,49999999
1,10,100,0.001,0.24462311557788946,1
1,10,100,0.001,0.24462311557788946,2
1,10,100,0.001,0.24462311557788946,3
1,10,100,0.001,0.24462311557788946,4
1,10,100,0.001,0.24462311557788946,5
1,10,100,0.001,0.24462311557788946,6
1,10,100,0.001,0.24462311557788946,7
1,10,100,0.001,0.24462311557788946,9
1,10,100,0.001,0.24462311557788946,11
1,10,100,0.001,0.24462311557788946,13
1,10,100,0.001,0.24462311557788946,16
1,10,100,0.001,0.24462311557788946,19
1,10,100,0.001,0.24462311557788946,23
1,10,100,0.001,0.24462311557788946,28
1,10,100,0.001,0.24462311557788946,34
1,10,100,0.001,0.24462311557788946,41
1,10,100,0.001,0.24462311557788946,50
1,10,100,0.001,0.24462311557788946,60
1,10,100,0.001,0.24462311557788946,73
1,10,100,0.001,0.24462311557788946,88
1,10,100,0.001,0.24462311557788946,106
1,10,100,0.001,0.24462311557788946,127
1,10,100,0.001,0.24462311557788946,154
1,10,100,0.001,0.24462311557788946,185
1,10,100,0.001,0.24442211055276383,223
1,10,100,0.001,0.24442211055276383,269
1,10,100,0.001,0.24442211055276383,325
1,10,100,0.001,0.24442211055276383,392
1,10,100,0.001,0.2442211055276382,472
1,10,100,0.001,0.2442211055276382,569
1,10,100,0.001,0.24442211055276383,686
1,10,100,0.001,0.2442211055276382,826
1,10,100,0.001,0.24381909547738692,996
1,10,100,0.001,0.24381909547738692,1201
1,10,100,0.001,0.2442211055276382,1447
1,10,100,0.001,0.24341708542713567,1744
1,10,100,0.001,0.2430150753768844,2102
1,10,100,0.001,0.24281407035175878,2533
1,10,100,0.001,0.2422110552763819,3053
1,10,100,0.001,0.24201005025125627,3679
1,10,100,0.001,0.24180904522613064,4434
1,10,100,0.001,0.24281407035175878,5344
1,10,100,0.001,0.24321608040201004,6441
1,10,100,0.001,0.24241206030150753,7762
1,10,100,0.001,0.2422110552763819,9355
1,10,100,0.001,0.24321608040201004,11274
1,10,100,0.001,0.24442211055276383,13587
1,10,100,0.001,0.24623115577889448,16374
1,10,100,0.001,0.24522613065326634,19733
1,10,100,0.001,0.24804020100502513,23782
1,10,100,0.002,0.25206030150753767,28661
1,10,100,0.002,0.25547738693467337,34541
1,10,100,0.002,0.25809045226130656,41627
1,10,100,0.004,0.26472361809045225,50167
1,10,100,0.004,0.27015075376884423,60459
1,10,100,0.004,0.27457286432160805,72863
1,10,100,0.005,0.28522613065326635,87811
1,10,100,0.008,0.2892462311557789,105825
1,10,100,0.012,0.3003015075376884,127535
1,10,100,0.014,0.3065326633165829,153700
1,10,100,0.046,0.30090452261306533,185232
1,10,100,0.05,0.2850251256281407,223232
1,10,100,0.189,0.1585929648241206,269029
1,10,100,0.236,0.08261306532663316,324221
1,10,100,0.253,0.05185929648241206,390736
1,10,100,0.262,0.04442211055276382,470896
1,10,100,0.261,0.0371859296482412,567501
1,10,100,0.263,0.03939698492462312,683925
1,10,100,0.263,0.029346733668341708,824234
1,10,100,0.26,0.03678391959798995,993327
1,10,100,0.262,0.03557788944723618,1197110
1,10,100,0.263,0.032160804020100506,1442699
1,10,100,0.261,0.04,1738672
1,10,100,0.263,0.056080402010050254,2095364
1,10,100,0.262,0.047035175879396984,2525232
1,10,100,0.263,0.045025125628140705,3043288
1,10,100,0.263,0.034974874371859296,3667625
1,10,100,0.26,0.04321608040201005,4420045
1,10,100,0.263,0.047035175879396984,5326826
1,10,100,0.263,0.03839195979899498,6419634
1,10,100,0.263,0.04582914572864322,7736635
1,10,100,0.263,0.036180904522613064,9323820
1,10,100,0.263,0.03175879396984924,11236619
1,10,100,0.263,0.03195979899497487,13541833
1,10,100,0.262,0.04904522613065326,16319966
1,10,100,0.263,0.03939698492462312,19668038
1,10,100,0.263,0.04020100502512563,23702974
1,10,100,0.263,0.029949748743718592,28565684
1,10,100,0.263,0.030954773869346735,34425988
1,10,100,0.263,0.027738693467336685,41488545
1,10,100,0.263,0.044020100502512566,49999999
2,10,100,0.001,0.2576884422110553,1
2,10,100,0.001,0.2576884422110553,2
2,10,100,0.001,0.2576884422110553,3
2,10,100,0.001,0.2576884422110553,4
2,10,100,0.001,0.2576884422110553,5
2,10,100,0.001,0.2576884422110553,6
2,10,100,0.001,0.2576884422110553,7
2,10,100,0.001,0.2576884422110553,9
2,10,100,0.001,0.2576884422110553,11
2,10,100,0.001,0.2576884422110553,13
2,10,100,0.001,0.2576884422110553,16
2,10,100,0.001,0.2576884422110553,19
2,10,100,0.001,0.2576884422110553,23
2,10,100,0.001,0.25748743718592965,28
2,10,100,0.001,0.25748743718592965,34
2,10,100,0.001,0.25748743718592965,41
2,10,100,0.001,0.25748743718592965,50
2,10,100,0.001,0.2576884422110553,60
2,10,100,0.001,0.2576884422110553,73
2,10,100,0.001,0.2576884422110553,88
2,10,100,0.001,0.25748743718592965,106
2,10,100,0.001,0.25728643216080405,127
2,10,100,0.001,0.25728643216080405,154
2,10,100,0.001,0.25728643216080405,185
2,10,100,0.001,0.2570854271356784,223
2,10,100,0.001,0.2568844221105528,269
2,10,100,0.001,0.25668341708542713,325
2,10,100,0.001,0.25668341708542713,392
2,10,100,0.001,0.25648241206030153,472
2,10,100,0.001,0.2562814070351759,569
2,10,100,0.001,0.2562814070351759,686
2,10,100,0.001,0.2560804020100503,826
2,10,100,0.001,0.2552763819095477,996
2,10,100,0.001,0.25547738693467337,1201
2,10,100,0.001,0.2552763819095477,1447
2,10,100,0.001,0.25467336683417086,1744
2,10,100,0.001,0.2544723618090452,2102
2,10,100,0.001,0.2544723618090452,2533
2,10,100,0.001,0.25386934673366834,3053
2,10,100,0.001,0.2544723618090452,3679
2,10,100,0.001,0.2542713567839196,4434
2,10,100,0.001,0.25386934673366834,5344
2,10,100,0.001,0.25487437185929646,6441
2,10,100,0.001,0.2552763819095477,7762
2,10,100,0.001,0.25487437185929646,9355
2,10,100,0.001,0.25407035175879394,11274
2,10,100,0.001,0.2542713567839196,13587
2,10,100,0.001,0.25487437185929646,16374
2,10,100,0.001,0.2586934673366834,19733
2,10,100,0.001,0.2613065326633166,23782
2,10,100,0.002,0.2641206030150754,28661
2,10,100,0.002,0.2693467336683417,34541
2,10,100,0.002,0.2765829145728643,41627
2,10,100,0.002,0.28080402010050254,50167
2,10,100,0.004,0.28462311557788944,60459
2,10,100,0.007,0.2986934673366834,72863
2,10,100,0.006,0.3065326633165829,87811
2,10,100,0.01,0.31316582914572866,105825
2,10,100,0.022,0.31256281407035175,127535
2,10,100,0.046,0.32743718592964827,153700
2,10,100,0.074,0.31899497487437184,185232
2,10,100,0.094,0.3041206030150754,223232
2,10,100,0.091,0.34673366834170855,269029
2,10,100,0.128,0.31979899497487435,324221
2,10,100,0.153,0.2635175879396985,390736
2,10,100,0.202,0.20160804020100503,470896
2,10,100,0.158,0.2621105527638191,567501
2,10,100,0.358,0.12663316582914572,683925
2,10,100,0.444,0.060703517587939695,824234
2,10,100,0.418,0.09366834170854271,993327
2,10,100,0.478,0.03879396984924623,1197110
2,10,100,0.485,0.03839195979899498,1442699
2,10,100,0.496,0.021306532663316582,1738672
2,10,100,0.429,0.08422110552763819,2095364
2,10,100,0.519,0.023919597989949748,2525232
2,10,100,0.513,0.03135678391959799,3043288
2,10,100,0.509,0.041407035175879396,3667625
2,10,100,0.507,0.04100502512562814,4420045
2,10,100,0.512,0.04120603015075377,5326826
2,10,100,0.534,0.027939698492462313,6419634
2,10,100,0.524,0.04,7736635
2,10,100,0.446,0.12522613065326632,9323820
2,10,100,0.545,0.03758793969849246,11236619
2,10,100,0.417,0.1451256281407035,13541833
2,10,100,0.179,0.2822110552763819,16319966
2,10,100,0.473,0.10412060301507538,19668038
2,10,100,0.54,0.053467336683417084,23702974
2,10,100,0.533,0.055879396984924626,28565684
2,10,100,0.566,0.030753768844221107,34425988
2,10,100,0.334,0.2100502512562814,41488545
2,10,100,0.485,0.14693467336683416,49999999
0,10,200,0.001,0.18391959798994975,1
0,10,200,0.001,0.18391959798994975,2
0,10,200,0.001,0.18391959798994975,3
0,10,200,0.001,0.18391959798994975,4
0,10,200,0.001,0.18391959798994975,5
0,10,200,0.001,0.18391959798994975,6
0,10,200,0.001,0.18391959798994975,7
0,10,200,0.001,0.18391959798994975,9
0,10,200,0.001,0.18391959798994975,11
0,10,200,0.001,0.18391959798994975,13
0,10,200,0.001,0.18391959798994975,16
0,10,200,0.001,0.18391959798994975,19
0,10,200,0.001,0.18391959798994975,23
0,10,200,0.001,0.18391959798994975,28
0,10,200,0.001,0.18391959798994975,34
0,10,200,0.001,0.18391959798994975,41
0,10,200,0.001,0.18391959798994975,50
0,10,200,0.001,0.18391959798994975,60
0,10,200,0.001,0.18391959798994975,73
0,10,200,0.001,0.18391959798994975,88
0,10,200,0.001,0.18391959798994975,106
0,10,200,0.001,0.18391959798994975,127
0,10,200,0.001,0.18391959798994975,154
0,10,200,0.001,0.18391959798994975,185
0,10,200,0.001,0.18391959798994975,223
0,10,200,0.001,0.18391959798994975,269
0,10,200,0.001,0.18391959798994975,325
0,10,200,0.001,0.18391959798994975,392
0,10,200,0.001,0.18391959798994975,472
0,10,200,0.001,0.18391959798994975,569
0,10,200,0.001,0.18391959798994975,686
0,10,200,0.001,0.184321608040201,826
0,10,200,0.001,0.18412060301507538,996
0,10,200,0.001,0.18412060301507538,1201
0,10,200,0.001,0.18412060301507538,1447
0,10,200,0.001,0.1835175879396985,1744
0,10,200,0.001,0.18371859296482412,2102
0,10,200,0.001,0.1835175879396985,2533
0,10,200,0.001,0.1835175879396985,3053
0,10,200,0.001,0.18331658291457287,3679
0,10,200,0.001,0.1835175879396985,4434
0,10,200,0.001,0.1835175879396985,5344
0,10,200,0.001,0.18371859296482412,6441
0,10,200,0.001,0.18452261306532663,7762
0,10,200,0.001,0.18633165829145729,9355
0,10,200,0.001,0.1879396984924623,11274
0,10,200,0.001,0.18834170854271357,13587
0,10,200,0.001,0.1899497487437186,16374
0,10,200,0.001,0.19115577889447236,19733
0,10,200,0.001,0.19195979899497487,23782
0,10,200,0.002,0.19175879396984924,28661
0,10,200,0.002,0.19497487437185929,34541
0,10,200,0.002,0.1965829145728643,41627
0,10,200,0.003,0.19959798994974876,50167
0,10,200,0.003,0.1977889447236181,60459
0,10,200,0.003,0.20180904522613066,72863
0,10,200,0.005,0.2,87811
0,10,200,0.006,0.19979899497487438,105825
0,10,200,0.01,0.19015075376884422,127535
0,10,200,0.014,0.18391959798994975,153700
0,10,200,0.028,0.16562814070351758,185232
0,10,200,0.056,0.15155778894472363,223232
0,10,200,0.073,0.13587939698492463,269029
0,10,200,0.101,0.10010050251256282,324221
0,10,200,0.123,0.0685427135678392,390736
0,10,200,0.151,0.04562814070351759,470896
0,10,200,0.171,0.026331658291457286,567501
0,10,200,0.169,0.03276381909547739,683925
0,10,200,0.178,0.027738693467336685,824234
0,10,200,0.178,0.03256281407035176,993327
0,10,200,0.161,0.08804020100502513,1197110
0,10,200,0.173,0.03738693467336683,1442699
0,10,200,0.193,0.032361809045226134,1738672
0,10,200,0.189,0.05085427135678392,2095364
0,10,200,0.192,0.04844221105527638,2525232
0,10,200,0.194,0.04361809045226131,3043288
0,10,200,0.152,0.13668341708542714,3667625
0,10,200,0.311,0.06934673366834171,4420045
0,10,200,0.317,0.0528643216080402,5326826
0,10,200,0.263,0.08,6419634
0,10,200,0.299,0.0777889447236181,7736635
0,10,200,0.364,0.033165829145728645,9323820
0,10,200,0.192,0.0942713567839196,11236619
0,10,200,0.132,0.14110552763819095,13541833
0,10,200,0.31,0.06170854271356784,16319966
0,10,200,0.344,0.04361809045226131,19668038
0,10,200,0.286,0.07839195979899498,23702974
0,10,200,0.163,0.13105527638190956,28565684
0,10,200,0.277,0.07698492462311558,34425988
0,10,200,0.336,0.05487437185929648,41488545
0,10,200,0.243,0.09467336683417085,49999999
1,10,200,0.001,0.19276381909547738,1
1,10,200,0.001,0.19276381909547738,2
1,10,200,0.001,0.19276381909547738,3
1,10,200,0.001,0.19276381909547738,4
1,10,200,0.001,0.19276381909547738,5
1,10,200,0.001,0.19276381909547738,6
1,10,200,0.001,0.19276381909547738,7
1,10,200,0.001,0.19276381909547738,9
1,10,200,0.001,0.19276381909547738,11
1,10,200,0.001,0.19276381909547738,13
1,10,200,0.001,0.19276381909547738,16
1,10,200,0.001,0.19276381909547738,19
1,10,200,0.001,0.19276381909547738,23
1,10,200,0.001,0.19276381909547738,28
1,10,200,0.001,0.19276381909547738,34
1,10,200,0.001,0.19276381909547738,41
1,10,200,0.001,0.19276381909547738,50
1,10,200,0.001,0.19276381909547738,60
1,10,200,0.001,0.19276381909547738,73
1,10,200,0.001,0.19276381909547738,88
1,10,200,0.001,0.19276381909547738,106
1,10,200,0.001,0.19276381909547738,127
1,10,200,0.001,0.19276381909547738,154
1,10,200,0.001,0.19276381909547738,185
1,10,200,0.001,0.19276381909547738,223
1,10,200,0.001,0.19276381909547738,269
1,10,200,0.001,0.19276381909547738,325
1,10,200,0.001,0.19276381909547738,392
1,10,200,0.001,0.192964824120603,472
1,10,200,0.001,0.192964824120603,569
1,10,200,0.001,0.192964824120603,686
1,10,200,0.001,0.192964824120603,826
1,10,200,0.001,0.192964824120603,996
1,10,200,0.001,0.192964824120603,1201
1,10,200,0.001,0.19316582914572863,1447
1,10,200,0.001,0.192964824120603,1744
1,10,200,0.001,0.192964824120603,2102
1,10,200,0.001,0.19316582914572863,2533
1,10,200,0.001,0.19336683417085426,3053
1,10,200,0.001,0.19336683417085426,3679
1,10,200,0.001,0.192964824120603,4434
1,10,200,0.001,0.19316582914572863,5344
1,10,200,0.001,0.19256281407035175,6441
1,10,200,0.001,0.192964824120603,7762
1,10,200,0.001,0.19175879396984924,9355
1,10,200,0.001,0.19135678391959798,11274
1,10,200,0.001,0.1907537688442211,13587
1,10,200,0.001,0.19035175879396984,16374
1,10,200,0.001,0.18914572864321608,19733
1,10,200,0.001,0.1907537688442211,23782
1,10,200,0.002,0.19376884422110552,28661
1,10,200,0.002,0.19557788944723617,34541
1,10,200,0.002,0.1977889447236181,41627
1,10,200,0.003,0.19959798994974876,50167
1,10,200,0.004,0.2020100502512563,60459
1,10,200,0.005,0.20582914572864322,72863
1,10,200,0.005,0.21105527638190955,87811
1,10,200,0.009,0.2142713567839196,105825
1,10,200,0.01,0.217286432160804,127535
1,10,200,0.017,0.21909547738693466,153700
1,10,200,0.048,0.2100502512562814,185232
1,10,200,0.077,0.19939698492462313,223232
1,10,200,0.167,0.13688442211055277,269029
1,10,200,0.231,0.09507537688442211,324221
1,10,200,0.269,0.07336683417085427,390736
1,10,200,0.285,0.04221105527638191,470896
1,10,200,0.287,0.03135678391959799,567501
1,10,200,0.288,0.035175879396984924,683925
1,10,200,0.288,0.03396984924623116,824234
1,10,200,0.288,0.03175879396984924,993327
1,10,200,0.286,0.03296482412060302,1197110
1,10,200,0.286,0.03798994974874372,1442699
1,10,200,0.288,0.036180904522613064,1738672
1,10,200,0.288,0.036180904522613064,2095364
1,10,200,0.288,0.03477386934673367,2525232
1,10,200,0.287,0.03396984924623116,3043288
1,10,200,0.288,0.03336683417085427,3667625
1,10,200,0.288,0.030753768844221107,4420045
1,10,200,0.285,0.033165829145728645,5326826
1,10,200,0.288,0.02814070351758794,6419634
1,10,200,0.288,0.029949748743718592,7736635
1,10,200,0.288,0.03055276381909548,9323820
1,10,200,0.286,0.029949748743718592,11236619
1,10,200,0.288,0.03336683417085427,13541833
1,10,200,0.288,0.03135678391959799,16319966
1,10,200,0.287,0.03839195979899498,19668038
1,10,200,0.288,0.03175879396984924,23702974
1,10,200,0.288,0.028743718592964825,28565684
1,10,200,0.286,0.031557788944723615,34425988
1,10,200,0.288,0.03557788944723618,41488545
1,10,200,0.288,0.028743718592964825,49999999
2,10,200,0.001,0.17688442211055277,1
2,10,200,0.001,0.17688442211055277,2
2,10,200,0.001,0.17688442211055277,3
2,10,200,0.001,0.17688442211055277,4
2,10,200,0.001,0.17688442211055277,5
2,10,200,0.001,0.17688442211055277,6
2,10,200,0.001,0.17688442211055277,7
2,10,200,0.001,0.17688442211055277,9
2,10,200,0.001,0.17688442211055277,11
2,10,200,0.001,0.17688442211055277,13
2,10,200,0.001,0.17688442211055277,16
2,10,200,0.001,0.17688442211055277,19
2,10,200,0.001,0.17688442211055277,23
2,10,200,0.001,0.17688442211055277,28
2,10,200,0.001,0.17688442211055277,34
2,10,200,0.001,0.17688442211055277,41
2,10,200,0.001,0.17668341708542715,50
2,10,200,0.001,0.17668341708542715,60
2,10,200,0.001,0.17668341708542715,73
2,10,200,0.001,0.17668341708542715,88
2,10,200,0.001,0.17668341708542715,106
2,10,200,0.001,0.17668341708542715,127
2,10,200,0.001,0.17668341708542715,154
2,10,200,0.001,0.17668341708542715,185
2,10,200,0.001,0.17668341708542715,223
2,10,200,0.001,0.17668341708542715,269
2,10,200,0.001,0.17668341708542715,325
2,10,200,0.001,0.17648241206030152,392
2,10,200,0.001,0.17668341708542715,472
2,10,200,0.001,0.17668341708542715,569
2,10,200,0.001,0.17688442211055277,686
2,10,200,0.001,0.17668341708542715,826
2,10,200,0.001,0.17668341708542715,996
2,10,200,0.001,0.17648241206030152,1201
2,10,200,0.001,0.17608040201005026,1447
2,10,200,0.001,0.175678391959799,1744
2,10,200,0.001,0.17527638190954775,2102
2,10,200,0.001,0.17547738693467338,2533
2,10,200,0.001,0.175678391959799,3053
2,10,200,0.001,0.17527638190954775,3679
2,10,200,0.001,0.1748743718592965,4434
2,10,200,0.001,0.17507537688442212,5344
2,10,200,0.001,0.17447236180904524,6441
2,10,200,0.001,0.17507537688442212,7762
2,10,200,0.001,0.17648241206030152,9355
2,10,200,0.001,0.17748743718592966,11274
2,10,200,0.001,0.17748743718592966,13587
2,10,200,0.001,0.17688442211055277,16374
2,10,200,0.002,0.1770854271356784,19733
2,10,200,0.002,0.17608040201005026,23782
2,10,200,0.002,0.1762814070351759,28661
2,10,200,0.002,0.1776884422110553,34541
2,10,200,0.002,0.18110552763819096,41627
2,10,200,0.002,0.184321608040201,50167
2,10,200,0.002,0.1857286432160804,60459
2,10,200,0.003,0.19055276381909547,72863
2,10,200,0.006,0.18552763819095477,87811
2,10,200,0.008,0.18693467336683417,105825
2,10,200,0.011,0.18311557788944724,127535
2,10,200,0.012,0.1951758793969849,153700
2,10,200,0.018,0.2078391959798995,185232
2,10,200,0.06,0.20482412060301508,223232
2,10,200,0.16,0.13768844221105528,269029
2,10,200,0.229,0.08020100502512563,324221
2,10,200,0.277,0.04522613065326633,390736
2,10,200,0.287,0.03778894472361809,470896
2,10,200,0.287,0.03376884422110553,567501
2,10,200,0.287,0.03396984924623116,683925
2,10,200,0.282,0.03758793969849246,824234
2,10,200,0.288,0.03256281407035176,993327
2,10,200,0.286,0.035175879396984924,1197110
2,10,200,0.289,0.03396984924623116,1442699
2,10,200,0.282,0.03778894472361809,1738672
2,10,200,0.288,0.03437185929648241,2095364
2,10,200,0.286,0.03577889447236181,2525232
2,10,200,0.289,0.03477386934673367,3043288
2,10,200,0.292,0.033165829145728645,3667625
2,10,200,0.292,0.03457286432160804,4420045
2,10,200,0.294,0.03296482412060302,5326826
2,10,200,0.294,0.03437185929648241,6419634
2,10,200,0.291,0.03839195979899498,7736635
2,10,200,0.294,0.03537688442211055,9323820
2,10,200,0.293,0.03195979899497487,11236619
2,10,200,0.293,0.03437185929648241,13541833
2,10,200,0.294,0.03577889447236181,16319966
2,10,200,0.291,0.03738693467336683,19668038
2,10,200,0.294,0.03437185929648241,23702974
2,10,200,0.292,0.03638190954773869,28565684
2,10,200,0.294,0.03638190954773869,34425988
2,10,200,0.293,0.03758793969849246,41488545
2,10,200,0.292,0.0371859296482412,49999999
